usagekey,species,family,order,matchtype,status,label,occ
5402587,Schlechtendalia luzulifolia,Asteraceae,Asterales,EXACT,ACCEPTED,Schlechtendalia_luzulifolia,0
7386707,Doniophyton anomalum,Asteraceae,Asterales,EXACT,ACCEPTED,Doniophyton_anomalum,135
5385698,Duseniella patagonica,Asteraceae,Asterales,EXACT,ACCEPTED,Duseniella_patagonica,12
3109523,Chuquiraga straminea,Asteraceae,Asterales,EXACT,ACCEPTED,Chuquiraga_straminea,46
3109505,Chuquiraga jussieui,Asteraceae,Asterales,EXACT,ACCEPTED,Chuquiraga_jussieui,300
5390900,Huarpea andina,Asteraceae,Asterales,EXACT,ACCEPTED,Huarpea_andina,12
3105310,Barnadesia odorata,Asteraceae,Asterales,EXACT,ACCEPTED,Barnadesia_odorata,206
3142046,Arnaldoa weberbaueri,Asteraceae,Asterales,EXACT,ACCEPTED,Arnaldoa_weberbaueri,17
10693167,Archidasyphyllum diacanthoides,Asteraceae,Asterales,EXACT,ACCEPTED,Archidasyphyllum_diacanthoides,218
10827207,Archidasyphyllum excelsum,Asteraceae,Asterales,EXACT,ACCEPTED,Archidasyphyllum_excelsum,61
3090114,Wunderlichia mirabilis,Asteraceae,Asterales,EXACT,ACCEPTED,Wunderlichia_mirabilis,0
3150315,Hecastocleis shockleyi,Asteraceae,Asterales,EXACT,ACCEPTED,Hecastocleis_shockleyi,0
5386353,Cyclolepis genistoides,Asteraceae,Asterales,EXACT,ACCEPTED,Cyclolepis_genistoides,300
3146167,Richterago radiata,Asteraceae,Asterales,EXACT,ACCEPTED,Richterago_radiata,0
3139491,Cnicothamnus lorentzii,Asteraceae,Asterales,EXACT,ACCEPTED,Cnicothamnus_lorentzii,241
3095046,Anastraphia ilicifolia,Asteraceae,Asterales,EXACT,ACCEPTED,Anastraphia_ilicifolia,0
9598402,Nahuatlea hypoleuca,Asteraceae,Asterales,EXACT,ACCEPTED,Nahuatlea_hypoleuca,0
9266874,Famatinanthus decussatus,Asteraceae,Asterales,EXACT,ACCEPTED,Famatinanthus_decussatus,25
3109493,Leptorhynchos squamatus,Asteraceae,Asterales,EXACT,ACCEPTED,Hyaloseris_cinerea-var.-tomentella,0
3103591,Hyaloseris salicifolia,Asteraceae,Asterales,EXACT,ACCEPTED,Hyaloseris_salicifolia,132
5404991,Synedrella nodiflora,Asteraceae,Asterales,EXACT,ACCEPTED,Synedrella_nodiflora,300
3110189,Gongylolepis benthamiana,Asteraceae,Asterales,EXACT,ACCEPTED,Gongylolepis_benthamiana,31
5401028,Hyalis argentea,Asteraceae,Asterales,EXACT,ACCEPTED,Hyalis_argentea,300
3147772,Ianthopappus corymbosus,Asteraceae,Asterales,EXACT,ACCEPTED,Ianthopappus_corymbosus,0
3098857,Salcedoa mirabaliarum,Asteraceae,Asterales,EXACT,ACCEPTED,Salcedoa_mirabaliarum,0
3113886,Leucomeris decora,Asteraceae,Asterales,EXACT,ACCEPTED,Leucomeris_decora,0
3114415,Nouelia insignis,Asteraceae,Asterales,EXACT,ACCEPTED,Nouelia_insignis,0
3095405,Stenopadus kunhardtii,Asteraceae,Asterales,EXACT,ACCEPTED,Stenopadus_kunhardtii,13
3143179,Onoseris acerifolia,Asteraceae,Asterales,EXACT,ACCEPTED,Onoseris_acerifolia,39
3090049,Plazia daphnoides,Asteraceae,Asterales,EXACT,ACCEPTED,Plazia_daphnoides,73
3137358,Aphyllocladus ephedroides,Asteraceae,Asterales,EXACT,ACCEPTED,Aphyllocladus_ephedroides,24
3112187,Gypothamnium pinifolium,Asteraceae,Asterales,EXACT,ACCEPTED,Gypothamnium_pinifolium,300
7978333,Oriastrum stuebelii,Asteraceae,Asterales,EXACT,ACCEPTED,Oriastrum_stuebelii,14
3086890,Macrachaenium gracile,Asteraceae,Asterales,EXACT,ACCEPTED,Macrachaenium_gracile,24
3092977,Adenocaulon chilense,Asteraceae,Asterales,EXACT,ACCEPTED,Adenocaulon_chilense,141
3104736,Eriachaenium magellanicum,Asteraceae,Asterales,EXACT,ACCEPTED,Eriachaenium_magellanicum,2
3105476,Pachylaena atriplicifolia,Asteraceae,Asterales,EXACT,ACCEPTED,Pachylaena_atriplicifolia,89
3097020,Brachyclados megalanthus,Asteraceae,Asterales,EXACT,ACCEPTED,Brachyclados_megalanthus,17
3133460,Perdicium capense,Asteraceae,Asterales,EXACT,ACCEPTED,Perdicium_capense,0
7969761,Gerbera jamesonii,Asteraceae,Asterales,EXACT,ACCEPTED,Gerbera_jamesonii,3
8255992,Chaptalia nutans,Asteraceae,Asterales,EXACT,ACCEPTED,Chaptalia_nutans,300
9722517,Oreoseris delavayi,Asteraceae,Asterales,EXACT,ACCEPTED,Oreoseris_delavayi,0
9717934,Oreoseris kokanica,Asteraceae,Asterales,EXACT,ACCEPTED,Oreoseris_kokanica,0
3139222,Leibnitzia anandria,Asteraceae,Asterales,EXACT,ACCEPTED,Leibnitzia_anandria,0
3137384,Holocheilus hieracioides,Asteraceae,Asterales,EXACT,ACCEPTED,Holocheilus_hieracioides,82
5386277,Moscharia pinnatifida,Asteraceae,Asterales,EXACT,ACCEPTED,Moscharia_pinnatifida,300
5402208,Jungia polita,Asteraceae,Asterales,EXACT,ACCEPTED,Jungia_polita,222
3115509,Criscia stricta,Asteraceae,Asterales,EXACT,ACCEPTED,Criscia_stricta,0
5398985,Trixis californica,Asteraceae,Asterales,EXACT,ACCEPTED,Trixis_californica,0
3130678,Dolichlasium lagascae,Asteraceae,Asterales,EXACT,ACCEPTED,Dolichlasium_lagascae,48
3092004,Leunisia laeta,Asteraceae,Asterales,EXACT,ACCEPTED,Leunisia_laeta,4
3145152,Proustia cuneifolia,Asteraceae,Asterales,EXACT,ACCEPTED,Proustia_cuneifolia,300
10812709,Lophopappus cuneatus,Asteraceae,Asterales,EXACT,ACCEPTED,Lophopappus_cuneatus,0
3099188,Burkartia lanigera,Asteraceae,Asterales,EXACT,ACCEPTED,Burkartia_lanigera,3
5388156,Acourtia microcephala,Asteraceae,Asterales,EXACT,ACCEPTED,Acourtia_microcephala,0
3099052,Nassauvia chubutensis,Asteraceae,Asterales,EXACT,ACCEPTED,Nassauvia_chubutensis,3
3088886,Triptilion achilleae,Asteraceae,Asterales,EXACT,ACCEPTED,Triptilion_achilleae,48
5391359,Perezia multiflora,Asteraceae,Asterales,EXACT,ACCEPTED,Perezia_multiflora,300
5391398,Perezia recurvata,Asteraceae,Asterales,EXACT,ACCEPTED,Perezia_recurvata,164
5391387,Perezia ciliosa,Asteraceae,Asterales,EXACT,ACCEPTED,Perezia_ciliosa,40
3095402,Stenopadus jauensis,Asteraceae,Asterales,EXACT,ACCEPTED,Stenopadus_jauensis,11
5401203,Felicia filifolia,Asteraceae,Asterales,EXACT,ACCEPTED,Felicia_filifolia,0
3150246,Catamixis baccharoides,Asteraceae,Asterales,EXACT,ACCEPTED,Catamixis_baccharoides,0
3133781,Ainsliaea bonatii,Asteraceae,Asterales,EXACT,ACCEPTED,Ainsliaea_bonatii,0
9283733,Pertya multiflora,Asteraceae,Asterales,EXACT,ACCEPTED,Pertya_multiflora,0
3130277,Pertya robusta,Asteraceae,Asterales,EXACT,ACCEPTED,Pertya_robusta,0
3140860,Macledium zeyheri,Asteraceae,Asterales,EXACT,ACCEPTED,Macledium_zeyheri,0
3093498,Pasaccardoa grantii,Asteraceae,Asterales,EXACT,ACCEPTED,Pasaccardoa_grantii,0
3103380,Dicoma picta,Asteraceae,Asterales,EXACT,ACCEPTED,Dicoma_picta,0
3103902,Gymnarrhena micrantha,Asteraceae,Asterales,EXACT,ACCEPTED,Gymnarrhena_micrantha,0
3140959,Brachylaena discolor,Asteraceae,Asterales,EXACT,ACCEPTED,Brachylaena_discolor,0
3141277,Tarchonanthus trilobus,Asteraceae,Asterales,EXACT,ACCEPTED,Tarchonanthus_trilobus,0
3141279,Tarchonanthus camphoratus,Asteraceae,Asterales,EXACT,ACCEPTED,Tarchonanthus_camphoratus,1
3098511,Cardopatium corymbosum,Asteraceae,Asterales,EXACT,ACCEPTED,Cardopatium_corymbosum,0
5392755,Echinops nanus,Asteraceae,Asterales,EXACT,ACCEPTED,Echinops_nanus,0
3100296,Tugarinovia mongolica,Asteraceae,Asterales,EXACT,ACCEPTED,Tugarinovia_mongolica,0
3122454,Atractylodes macrocephala,Asteraceae,Asterales,EXACT,ACCEPTED,Atractylodes_macrocephala,0
5398274,Atractylis humilis,Asteraceae,Asterales,EXACT,ACCEPTED,Atractylis_humilis,0
3104911,Chardinia orientalis,Asteraceae,Asterales,EXACT,ACCEPTED,Chardinia_orientalis,0
7956743,Xeranthemum annuum,Asteraceae,Asterales,EXACT,ACCEPTED,Xeranthemum_annuum,0
5391638,Siebera pungens,Asteraceae,Asterales,EXACT,ACCEPTED,Siebera_pungens,0
3144033,Xeranthemum cylindraceum,Asteraceae,Asterales,EXACT,ACCEPTED,Xeranthemum_cylindraceum,0
5389461,Berardia lanuginosa,Asteraceae,Asterales,EXACT,ACCEPTED,Berardia_lanuginosa,0
3112552,Staehelina dubia,Asteraceae,Asterales,EXACT,ACCEPTED,Staehelina_dubia,0
5392642,Jurinea pinnata,Asteraceae,Asterales,EXACT,ACCEPTED,Jurinea_pinnata,0
3105556,Olgaea leucophylla,Asteraceae,Asterales,EXACT,ACCEPTED,Olgaea_leucophylla,0
3094900,Onopordum acanthium,Asteraceae,Asterales,EXACT,ACCEPTED,Onopordum_acanthium,61
9360644,Arctium nidulans,Asteraceae,Asterales,EXACT,ACCEPTED,Arctium_nidulans,0
3102347,Cousinia moabitica,Asteraceae,Asterales,EXACT,ACCEPTED,Cousinia_moabitica,0
5404194,Saussurea involucrata,Asteraceae,Asterales,EXACT,ACCEPTED,Saussurea_involucrata,0
5404614,Saussurea pricei,Asteraceae,Asterales,EXACT,ACCEPTED,Saussurea_pricei,0
4213548,Ptilostemon diacanthus,Asteraceae,Asterales,EXACT,ACCEPTED,Ptilostemon_diacanthus,0
3112364,Cynara cardunculus,Asteraceae,Asterales,EXACT,ACCEPTED,Cynara_cardunculus,249
3112376,Cynara syriaca,Asteraceae,Asterales,EXACT,ACCEPTED,Cynara_syriaca,0
3132523,Lamyropsis cynaroides,Asteraceae,Asterales,EXACT,ACCEPTED,Lamyropsis_cynaroides,0
3114727,Carduus personata,Asteraceae,Asterales,EXACT,ACCEPTED,Carduus_personata,0
3145214,Silybum marianum,Asteraceae,Asterales,EXACT,ACCEPTED,Silybum_marianum,300
3146150,Picnomon acarna,Asteraceae,Asterales,EXACT,ACCEPTED,Picnomon_acarna,0
3113390,Cirsium pannonicum,Asteraceae,Asterales,EXACT,ACCEPTED,Cirsium_pannonicum,0
3113668,Cirsium pitcheri,Asteraceae,Asterales,EXACT,ACCEPTED,Cirsium_pitcheri,0
3112801,Cirsium vulgare,Asteraceae,Asterales,EXACT,ACCEPTED,Cirsium_vulgare,300
3151352,Goniocaulon indicum,Asteraceae,Asterales,EXACT,ACCEPTED,Goniocaulon_indicum,0
5391135,Tricholepis glaberrima,Asteraceae,Asterales,EXACT,ACCEPTED,Tricholepis_glaberrima,0
5385952,Volutaria tubuliflora,Asteraceae,Asterales,EXACT,ACCEPTED,Volutaria_tubuliflora,38
3145386,Karvandarina aphylla,Asteraceae,Asterales,EXACT,ACCEPTED,Karvandarina_aphylla,0
5385176,Callicephalus nitens,Asteraceae,Asterales,EXACT,ACCEPTED,Callicephalus_nitens,0
3091224,Klasea lycopifolia,Asteraceae,Asterales,EXACT,ACCEPTED,Klasea_lycopifolia,0
3126503,Centaurothamnus maximus,Asteraceae,Asterales,EXACT,ACCEPTED,Centaurothamnus_maximus,0
3132386,Ochrocephala imatongensis,Asteraceae,Asterales,EXACT,ACCEPTED,Ochrocephala_imatongensis,0
3100670,Myopordon pulchellum,Asteraceae,Asterales,EXACT,ACCEPTED,Myopordon_pulchellum,0
3142203,Leuzea conifera,Asteraceae,Asterales,EXACT,ACCEPTED,Leuzea_conifera,0
5388835,Serratula tinctoria,Asteraceae,Asterales,EXACT,ACCEPTED,Serratula_tinctoria,0
3141571,Mantisalca salmantica,Asteraceae,Asterales,EXACT,ACCEPTED,Mantisalca_salmantica,0
3097063,Cheirolophus intybaceus,Asteraceae,Asterales,EXACT,ACCEPTED,Cheirolophus_intybaceus,0
3097098,Cheirolophus crassifolius,Asteraceae,Asterales,EXACT,ACCEPTED,Cheirolophus_crassifolius,0
3091351,Plectocephalus rothrockii,Asteraceae,Asterales,EXACT,ACCEPTED,Plectocephalus_rothrockii,0
3128930,Rhaponticoides alpina,Asteraceae,Asterales,EXACT,ACCEPTED,Rhaponticoides_alpina,0
3137947,Psephellus bellus,Asteraceae,Asterales,EXACT,ACCEPTED,Psephellus_bellus,0
3149965,Crupina vulgaris,Asteraceae,Asterales,EXACT,ACCEPTED,Crupina_vulgaris,0
3089561,Centaurea cyanus,Asteraceae,Asterales,EXACT,ACCEPTED,Centaurea_cyanus,24
3127662,Centaurea akamantis,Asteraceae,Asterales,EXACT,ACCEPTED,Centaurea_akamantis,0
3103322,Constancea nevinii,Asteraceae,Asterales,EXACT,ACCEPTED,Constancea_nevinii,0
3127727,Centaurea stoebe,Asteraceae,Asterales,EXACT,ACCEPTED,Centaurea_stoebe,0
3138230,Carthamus lanatus,Asteraceae,Asterales,EXACT,ACCEPTED,Carthamus_lanatus,47
3093266,Decazesia hecatocephala,Asteraceae,Asterales,EXACT,ACCEPTED,Decazesia_hecatocephala,0
5404731,Cuspidia cernua,Asteraceae,Asterales,EXACT,ACCEPTED,Cuspidia_cernua,0
5385800,Heterolepis aliena,Asteraceae,Asterales,EXACT,ACCEPTED,Heterolepis_aliena,0
8332591,Arctotis erosa,Asteraceae,Asterales,EXACT,ACCEPTED,Arctotis_erosa,0
8095987,Haplocarpha lyrata,Asteraceae,Asterales,EXACT,ACCEPTED,Haplocarpha_lyrata,0
3118706,Cymbonotus lawsonianus,Asteraceae,Asterales,EXACT,ACCEPTED,Cymbonotus_lawsonianus,0
3091055,Dymondia margaretae,Asteraceae,Asterales,EXACT,ACCEPTED,Dymondia_margaretae,0
3114986,Arctotheca calendula,Asteraceae,Asterales,EXACT,ACCEPTED,Arctotheca_calendula,51
3098579,Cullumia bisulca,Asteraceae,Asterales,EXACT,ACCEPTED,Cullumia_bisulca,0
3115215,Berkheya purpurea,Asteraceae,Asterales,EXACT,ACCEPTED,Berkheya_purpurea,0
3112491,Gazania linearis,Asteraceae,Asterales,EXACT,ACCEPTED,Gazania_linearis,44
9597549,Gorteria alienata,Asteraceae,Asterales,EXACT,ACCEPTED,Gorteria_alienata,0
3114468,Hirpicium integrifolium,Asteraceae,Asterales,EXACT,ACCEPTED,Hirpicium_integrifolium,0
5400009,Erato vulcanica,Asteraceae,Asterales,EXACT,ACCEPTED,Erato_vulcanica,300
3137103,Ferreyranthus excelsus,Asteraceae,Asterales,EXACT,ACCEPTED,Ferreyranthus_excelsus,86
3105140,Chrysactinium acaule,Asteraceae,Asterales,EXACT,ACCEPTED,Chrysactinium_acaule,138
3099397,Munnozia hastifolia,Asteraceae,Asterales,EXACT,ACCEPTED,Munnozia_hastifolia,300
5396978,Distephanus populifolius,Asteraceae,Asterales,EXACT,ACCEPTED,Distephanus_populifolius,0
5393121,Moquinia racemosa,Asteraceae,Asterales,EXACT,ACCEPTED,Moquinia_racemosa,0
3103496,Pleurocarpaea denticulata,Asteraceae,Asterales,EXACT,ACCEPTED,Pleurocarpaea_denticulata,0
4239490,Decaneuropsis obovata,Asteraceae,Asterales,EXACT,ACCEPTED,Decaneuropsis_obovata,4
3130899,Gymnanthemum amygdalinum,Asteraceae,Asterales,EXACT,ACCEPTED,Gymnanthemum_amygdalinum,12
6063780,Gutenbergia cordifolia,Asteraceae,Asterales,EXACT,ACCEPTED,Gutenbergia_cordifolia,0
3089696,Bothriocline milanjiensis,Asteraceae,Asterales,EXACT,ACCEPTED,Bothriocline_milanjiensis,0
3091122,Ethulia conyzoides,Asteraceae,Asterales,EXACT,ACCEPTED,Ethulia_conyzoides,0
5400839,Brachythrix pawekiae,Asteraceae,Asterales,EXACT,ACCEPTED,Brachythrix_pawekiae,0
3091718,Herderia truncata,Asteraceae,Asterales,EXACT,ACCEPTED,Herderia_truncata,0
3111639,Erlangea remifolia,Asteraceae,Asterales,EXACT,ACCEPTED,Erlangea_remifolia,0
3100811,Ageratinastrum polyphyllum,Asteraceae,Asterales,EXACT,ACCEPTED,Ageratinastrum_polyphyllum,0
7423313,Cyanthillium wollastonii,Asteraceae,Asterales,EXACT,ACCEPTED,Cyanthillium_wollastonii,0
6445734,Cyanthillium cinereum,Asteraceae,Asterales,EXACT,ACCEPTED,Cyanthillium_cinereum,290
5406635,Piptocarpha rotundifolia,Asteraceae,Asterales,EXACT,ACCEPTED,Piptocarpha_rotundifolia,7
5395934,Elephantopus tomentosus,Asteraceae,Asterales,EXACT,ACCEPTED,Elephantopus_tomentosus,3
3124828,Cyrtocymura scorpioides,Asteraceae,Asterales,EXACT,ACCEPTED,Cyrtocymura_scorpioides,300
3125084,Lessingianthus sellowii,Asteraceae,Asterales,EXACT,ACCEPTED,Lessingianthus_sellowii,0
3130604,Chrysolaena desertorum,Asteraceae,Asterales,EXACT,ACCEPTED,Chrysolaena_desertorum,2
3099795,Lepidaploa arbuscula,Asteraceae,Asterales,EXACT,ACCEPTED,Lepidaploa_arbuscula,0
3142065,Chresta plantaginifolia,Asteraceae,Asterales,EXACT,ACCEPTED,Chresta_plantaginifolia,0
3101542,Critoniopsis glandulata,Asteraceae,Asterales,EXACT,ACCEPTED,Critoniopsis_glandulata,49
3110446,Vernonanthura nudiflora,Asteraceae,Asterales,EXACT,ACCEPTED,Vernonanthura_nudiflora,251
3090864,Centratherum punctatum,Asteraceae,Asterales,EXACT,ACCEPTED,Centratherum_punctatum,300
3122115,Piptocoma antillana,Asteraceae,Asterales,EXACT,ACCEPTED,Piptocoma_antillana,0
10340920,Paralychnophora reflexoauriculata,Asteraceae,Asterales,EXACT,ACCEPTED,Paralychnophora_reflexoauriculata,0
5399368,Lychnophora salicifolia,Asteraceae,Asterales,EXACT,ACCEPTED,Lychnophora_salicifolia,0
3133658,Eremanthus uniflorus,Asteraceae,Asterales,EXACT,ACCEPTED,Eremanthus_uniflorus,0
3130270,Warionia saharae,Asteraceae,Asterales,EXACT,ACCEPTED,Warionia_saharae,0
3087520,Gundelia tournefortii,Asteraceae,Asterales,EXACT,ACCEPTED,Gundelia_tournefortii,0
3134867,Catananche caerulea,Asteraceae,Asterales,EXACT,ACCEPTED,Catananche_caerulea,0
3111090,Gelasia villosa,Asteraceae,Asterales,EXACT,ACCEPTED,Gelasia_villosa,0
3125775,Scorzonera purpurea,Asteraceae,Asterales,EXACT,ACCEPTED,Scorzonera_purpurea,0
6443709,Tragopogon dubius,Asteraceae,Asterales,EXACT,ACCEPTED,Tragopogon_dubius,158
5386897,Tragopogon pratensis,Asteraceae,Asterales,EXACT,ACCEPTED,Tragopogon_pratensis,5
5386929,Tragopogon castellanus,Asteraceae,Asterales,EXACT,ACCEPTED,Tragopogon_castellanus,0
5386938,Tragopogon porrifolius,Asteraceae,Asterales,EXACT,ACCEPTED,Tragopogon_porrifolius,35
3097186,Tolpis staticifolia,Asteraceae,Asterales,EXACT,ACCEPTED,Tolpis_staticifolia,0
3105508,Andryala integrifolia,Asteraceae,Asterales,EXACT,ACCEPTED,Andryala_integrifolia,0
8288930,Pilosella piloselloides,Asteraceae,Asterales,EXACT,ACCEPTED,Pilosella_piloselloides,4
3136116,Hieracium jubatum,Asteraceae,Asterales,EXACT,ACCEPTED,Hieracium_jubatum,265
3135221,Hieracium avilae,Asteraceae,Asterales,EXACT,ACCEPTED,Hieracium_avilae,300
3115488,Schlagintweitia huteri,Asteraceae,Asterales,EXACT,ACCEPTED,Schlagintweitia_huteri,0
5392252,Cichorium intybus,Asteraceae,Asterales,EXACT,ACCEPTED,Cichorium_intybus,300
3146563,Pinaropappus roseus,Asteraceae,Asterales,EXACT,ACCEPTED,Pinaropappus_roseus,0
3111127,Calycoseris wrightii,Asteraceae,Asterales,EXACT,ACCEPTED,Calycoseris_wrightii,0
5387204,Malacothrix saxatilis,Asteraceae,Asterales,EXACT,ACCEPTED,Malacothrix_saxatilis,0
5398366,Microseris lindleyi,Asteraceae,Asterales,EXACT,ACCEPTED,Microseris_lindleyi,0
5399445,Microseris lanceolata,Asteraceae,Asterales,EXACT,ACCEPTED,Microseris_lanceolata,0
3141095,Stephanomeria diegensis,Asteraceae,Asterales,EXACT,ACCEPTED,Stephanomeria_diegensis,0
5385940,Rafinesquia neomexicana,Asteraceae,Asterales,EXACT,ACCEPTED,Rafinesquia_neomexicana,0
3090783,Prenanthes purpurea,Asteraceae,Asterales,EXACT,ACCEPTED,Prenanthes_purpurea,0
7361710,Melanoseris souliei,Asteraceae,Asterales,EXACT,ACCEPTED,Melanoseris_souliei,0
3140577,Lactuca graminifolia,Asteraceae,Asterales,EXACT,ACCEPTED,Lactuca_graminifolia,0
3140423,Lactuca floridana,Asteraceae,Asterales,EXACT,ACCEPTED,Lactuca_floridana,0
6064260,Hypochaeris mucida,Asteraceae,Asterales,EXACT,ACCEPTED,Hypochaeris_mucida,5
7724330,Hypochaeris taraxacoides,Asteraceae,Asterales,EXACT,ACCEPTED,Hypochaeris_taraxacoides,239
3093894,Hypochaeris echegarayi,Asteraceae,Asterales,EXACT,ACCEPTED,Hypochaeris_echegarayi,91
3093858,Hypochaeris eremophila,Asteraceae,Asterales,EXACT,ACCEPTED,Hypochaeris_eremophila,69
3093785,Hypochaeris meyeniana,Asteraceae,Asterales,EXACT,ACCEPTED,Hypochaeris_meyeniana,232
3109493,Leptorhynchos squamatus,Asteraceae,Asterales,EXACT,ACCEPTED,Scorzoneroides_montana-subsp.-montana,0
3133502,Scorzoneroides montana,Asteraceae,Asterales,EXACT,ACCEPTED,Scorzoneroides_montana,0
3141855,Helminthotheca echioides,Asteraceae,Asterales,EXACT,ACCEPTED,Helminthotheca_echioides,61
3093337,Picris hieracioides,Asteraceae,Asterales,EXACT,ACCEPTED,Picris_hieracioides,1
5394841,Hedypnois rhagadioloides,Asteraceae,Asterales,EXACT,ACCEPTED,Hedypnois_rhagadioloides,2
4252823,Leontodon tuberosus,Asteraceae,Asterales,EXACT,ACCEPTED,Leontodon_tuberosus,0
3096622,Urospermum dalechampii,Asteraceae,Asterales,EXACT,ACCEPTED,Urospermum_dalechampii,0
3134551,Hyoseris lucida,Asteraceae,Asterales,EXACT,ACCEPTED,Hyoseris_lucida,0
3094355,Aposeris foetida,Asteraceae,Asterales,EXACT,ACCEPTED,Aposeris_foetida,0
3144787,Launaea fragilis,Asteraceae,Asterales,EXACT,ACCEPTED,Launaea_fragilis,0
5385655,Reichardia picroides,Asteraceae,Asterales,EXACT,ACCEPTED,Reichardia_picroides,0
9385924,Sonchus brassicifolius,Asteraceae,Asterales,EXACT,ACCEPTED,Sonchus_brassicifolius,19
8228544,Sonchus oleraceus,Asteraceae,Asterales,EXACT,ACCEPTED,Sonchus_oleraceus,300
8306577,Willemetia stipitata,Asteraceae,Asterales,EXACT,ACCEPTED,Willemetia_stipitata,0
8537667,Chondrilla juncea,Asteraceae,Asterales,EXACT,ACCEPTED,Chondrilla_juncea,15
3137746,Soroseris glomerata,Asteraceae,Asterales,EXACT,ACCEPTED,Soroseris_glomerata,0
5698646,Taraxacum cucullatum,Asteraceae,Asterales,EXACT,ACCEPTED,Taraxacum_cucullatum,0
5403377,Crepis pygmaea,Asteraceae,Asterales,EXACT,ACCEPTED,Crepis_pygmaea,0
3130455,Eriophyllum wallacei,Asteraceae,Asterales,EXACT,ACCEPTED,Eriophyllum_wallacei,0
5399550,Rhagadiolus stellatus,Asteraceae,Asterales,EXACT,ACCEPTED,Rhagadiolus_stellatus,0
7465439,Ixeridium laevigatum,Asteraceae,Asterales,EXACT,ACCEPTED,Ixeridium_laevigatum,7
5387974,Youngia japonica,Asteraceae,Asterales,EXACT,ACCEPTED,Youngia_japonica,201
3145165,Crepidiastrum ameristophyllum,Asteraceae,Asterales,EXACT,ACCEPTED,Crepidiastrum_ameristophyllum,0
3145193,Crepidiastrum linguifolium,Asteraceae,Asterales,EXACT,ACCEPTED,Crepidiastrum_linguifolium,0
3115956,Myriocephalus appendiculatus,Asteraceae,Asterales,EXACT,ACCEPTED,Myriocephalus_appendiculatus,0
3139182,Pegolettia oxyodonta,Asteraceae,Asterales,EXACT,ACCEPTED,Pegolettia_oxyodonta,0
3139403,Gorteria diffusa,Asteraceae,Asterales,EXACT,ACCEPTED,Gorteria_diffusa,0
9327778,Sphaeromorphaea littoralis,Asteraceae,Asterales,EXACT,ACCEPTED,Sphaeromorphaea_littoralis,0
5391074,Buphthalmum salicifolium,Asteraceae,Asterales,EXACT,ACCEPTED,Buphthalmum_salicifolium,0
10255521,Pentanema montanum,Asteraceae,Asterales,EXACT,ACCEPTED,Pentanema_montanum,0
3148340,Inula helenium,Asteraceae,Asterales,EXACT,ACCEPTED,Inula_helenium,0
3094841,Carpesium cernuum,Asteraceae,Asterales,EXACT,ACCEPTED,Carpesium_cernuum,0
3089839,Chiliadenus glutinosus,Asteraceae,Asterales,EXACT,ACCEPTED,Chiliadenus_glutinosus,0
3101184,Dittrichia viscosa,Asteraceae,Asterales,EXACT,ACCEPTED,Dittrichia_viscosa,1
3150720,Jasonia tuberosa,Asteraceae,Asterales,EXACT,ACCEPTED,Jasonia_tuberosa,0
3090895,Anvillea garcinii,Asteraceae,Asterales,EXACT,ACCEPTED,Anvillea_garcinii,0
5393678,Asteriscus intermedius,Asteraceae,Asterales,EXACT,ACCEPTED,Asteriscus_intermedius,0
5385225,Pallenis maritima,Asteraceae,Asterales,EXACT,ACCEPTED,Pallenis_maritima,1
3125412,Iphiona scabra,Asteraceae,Asterales,EXACT,ACCEPTED,Iphiona_scabra,0
3088761,Limbarda crithmoides,Asteraceae,Asterales,EXACT,ACCEPTED,Limbarda_crithmoides,0
3089818,Schizogyne sericea,Asteraceae,Asterales,EXACT,ACCEPTED,Schizogyne_sericea,2
3115675,Stenachaenium campestre,Asteraceae,Asterales,EXACT,ACCEPTED,Stenachaenium_campestre,0
3119842,Geigeria pectidea,Asteraceae,Asterales,EXACT,ACCEPTED,Geigeria_pectidea,0
3139418,Antiphiona pinnatisecta,Asteraceae,Asterales,EXACT,ACCEPTED,Antiphiona_pinnatisecta,0
3098621,Cratystylis conocephala,Asteraceae,Asterales,EXACT,ACCEPTED,Cratystylis_conocephala,0
4220308,Monarrhenus pinifolius,Asteraceae,Asterales,EXACT,ACCEPTED,Monarrhenus_pinifolius,0
3127458,Litogyne gariepina,Asteraceae,Asterales,EXACT,ACCEPTED,Litogyne_gariepina,0
7592377,Sphaeranthus angustifolius,Asteraceae,Asterales,EXACT,ACCEPTED,Sphaeranthus_angustifolius,0
3114412,Delamerea procumbens,Asteraceae,Asterales,EXACT,ACCEPTED,Delamerea_procumbens,0
3098694,Laggera crispata,Asteraceae,Asterales,EXACT,ACCEPTED,Laggera_crispata,0
3099960,Porphyrostemma chevalieri,Asteraceae,Asterales,EXACT,ACCEPTED,Porphyrostemma_chevalieri,0
3132617,Pluchea odorata,Asteraceae,Asterales,EXACT,ACCEPTED,Pluchea_odorata,37
5401942,Townsendia formosa,Asteraceae,Asterales,EXACT,ACCEPTED,Townsendia_formosa,0
3132728,Pluchea indica,Asteraceae,Asterales,EXACT,ACCEPTED,Pluchea_indica,0
3127353,Streptoglossa macrocephala,Asteraceae,Asterales,EXACT,ACCEPTED,Streptoglossa_macrocephala,0
3127351,Streptoglossa odora,Asteraceae,Asterales,EXACT,ACCEPTED,Streptoglossa_odora,0
3090053,Coleocoma centaurea,Asteraceae,Asterales,EXACT,ACCEPTED,Coleocoma_centaurea,0
5401917,Thespidium basiflorum,Asteraceae,Asterales,EXACT,ACCEPTED,Thespidium_basiflorum,0
3114110,Allopterigeron filifolius,Asteraceae,Asterales,EXACT,ACCEPTED,Allopterigeron_filifolius,0
3105248,Anisopappus anemonifolius,Asteraceae,Asterales,EXACT,ACCEPTED,Anisopappus_anemonifolius,0
3130357,Athroisma pinnatifidum,Asteraceae,Asterales,EXACT,ACCEPTED,Athroisma_pinnatifidum,0
3141637,Blepharispermum villosum,Asteraceae,Asterales,EXACT,ACCEPTED,Blepharispermum_villosum,0
5393636,Marshallia caespitosa,Asteraceae,Asterales,EXACT,ACCEPTED,Marshallia_caespitosa,0
5401877,Helenium autumnale,Asteraceae,Asterales,EXACT,ACCEPTED,Helenium_autumnale,0
5387821,Gaillardia pulchella,Asteraceae,Asterales,EXACT,ACCEPTED,Gaillardia_pulchella,13
5387874,Gaillardia megapotamica,Asteraceae,Asterales,EXACT,ACCEPTED,Gaillardia_megapotamica,300
3150175,Hymenoxys hoopesii,Asteraceae,Asterales,EXACT,ACCEPTED,Hymenoxys_hoopesii,0
3112432,Tetraneuris ivesiana,Asteraceae,Asterales,EXACT,ACCEPTED,Tetraneuris_ivesiana,0
8347815,Baileya multiradiata,Asteraceae,Asterales,EXACT,ACCEPTED,Baileya_multiradiata,0
3110180,Hymenopappus tenuifolius,Asteraceae,Asterales,EXACT,ACCEPTED,Hymenopappus_tenuifolius,0
3134857,Lapsana communis,Asteraceae,Asterales,EXACT,ACCEPTED,Lapsana_communis,48
3099306,Monolopia lanceolata,Asteraceae,Asterales,EXACT,ACCEPTED,Monolopia_lanceolata,0
3110281,Tonestus lyallii,Asteraceae,Asterales,EXACT,ACCEPTED,Tonestus_lyallii,0
5405976,Arnica montana,Asteraceae,Asterales,EXACT,ACCEPTED,Arnica_montana,0
5392998,Layia platyglossa,Asteraceae,Asterales,EXACT,ACCEPTED,Layia_platyglossa,0
3140910,Madia sativa,Asteraceae,Asterales,EXACT,ACCEPTED,Madia_sativa,238
3101385,Osmadenia tenella,Asteraceae,Asterales,EXACT,ACCEPTED,Osmadenia_tenella,0
3141050,Centromadia fitchii,Asteraceae,Asterales,EXACT,ACCEPTED,Centromadia_fitchii,0
3106624,Deinandra corymbosa,Asteraceae,Asterales,EXACT,ACCEPTED,Deinandra_corymbosa,0
3114822,Chaenactis glabriuscula,Asteraceae,Asterales,EXACT,ACCEPTED,Chaenactis_glabriuscula,0
8346536,Schkuhria pinnata,Asteraceae,Asterales,EXACT,ACCEPTED,Schkuhria_pinnata,300
3090081,Neomirandea eximia,Asteraceae,Asterales,EXACT,ACCEPTED,Neomirandea_eximia,7
5398632,Mikania brachyphylla,Asteraceae,Asterales,EXACT,ACCEPTED,Mikania_brachyphylla,16
5697263,Mikania featherstonei,Asteraceae,Asterales,EXACT,ACCEPTED,Mikania_featherstonei,44
8451642,Oxylobus glandulifer,Asteraceae,Asterales,EXACT,ACCEPTED,Oxylobus_glandulifer,6
5400407,Ageratina gracilis,Asteraceae,Asterales,EXACT,ACCEPTED,Ageratina_gracilis,300
5399717,Fleischmannia magdalenensis,Asteraceae,Asterales,EXACT,ACCEPTED,Fleischmannia_magdalenensis,1
3125557,Stevia rebaudiana,Asteraceae,Asterales,EXACT,ACCEPTED,Stevia_rebaudiana,10
3095609,Pulicaria dysenterica,Asteraceae,Asterales,EXACT,ACCEPTED,Pulicaria_dysenterica,0
5388410,Brickellia dentata,Asteraceae,Asterales,EXACT,ACCEPTED,Brickellia_dentata,0
3090343,Conoclinium coelestinum,Asteraceae,Asterales,EXACT,ACCEPTED,Conoclinium_coelestinum,0
5401760,Ageratum houstonianum,Asteraceae,Asterales,EXACT,ACCEPTED,Ageratum_houstonianum,130
3144076,Steviopsis vigintiseta,Asteraceae,Asterales,EXACT,ACCEPTED,Steviopsis_vigintiseta,0
3145055,Koanophyllon solidaginifolium,Asteraceae,Asterales,EXACT,ACCEPTED,Koanophyllon_solidaginifolium,1
3142884,Aristeguietia salvia,Asteraceae,Asterales,EXACT,ACCEPTED,Aristeguietia_salvia,300
3087662,Chromolaena laevigata,Asteraceae,Asterales,EXACT,ACCEPTED,Chromolaena_laevigata,300
4221673,Praxelis clematidea,Asteraceae,Asterales,EXACT,ACCEPTED,Praxelis_clematidea,282
3104349,Liatris punctata,Asteraceae,Asterales,EXACT,ACCEPTED,Liatris_punctata,0
3138195,Eutrochium maculatum,Asteraceae,Asterales,EXACT,ACCEPTED,Eutrochium_maculatum,0
5402943,Eupatorium cannabinum,Asteraceae,Asterales,EXACT,ACCEPTED,Eupatorium_cannabinum,0
3142644,Ayapana triplinervis,Asteraceae,Asterales,EXACT,ACCEPTED,Ayapana_triplinervis,12
3132228,Adenostemma lavenia,Asteraceae,Asterales,EXACT,ACCEPTED,Adenostemma_lavenia,29
3140094,Ophryosporus pinifolius,Asteraceae,Asterales,EXACT,ACCEPTED,Ophryosporus_pinifolius,23
3142897,Raulinoreitzia tremula,Asteraceae,Asterales,EXACT,ACCEPTED,Raulinoreitzia_tremula,2
5403036,Urolepis hecatantha,Asteraceae,Asterales,EXACT,ACCEPTED,Urolepis_hecatantha,164
3142398,Campuloclinium macrocephalum,Asteraceae,Asterales,EXACT,ACCEPTED,Campuloclinium_macrocephalum,166
3142427,Austroeupatorium inulifolium,Asteraceae,Asterales,EXACT,ACCEPTED,Austroeupatorium_inulifolium,300
3122061,Austrobrickellia patens,Asteraceae,Asterales,EXACT,ACCEPTED,Austrobrickellia_patens,225
9450848,Lapidia apicifolia,Asteraceae,Asterales,EXACT,ACCEPTED,Lapidia_apicifolia,0
5386708,Jaumea carnosa,Asteraceae,Asterales,EXACT,ACCEPTED,Jaumea_carnosa,0
3103984,Porophyllum scoparium,Asteraceae,Asterales,EXACT,ACCEPTED,Porophyllum_scoparium,0
3151386,Chrysactinia mexicana,Asteraceae,Asterales,EXACT,ACCEPTED,Chrysactinia_mexicana,0
5405417,Dyssodia papposa,Asteraceae,Asterales,EXACT,ACCEPTED,Dyssodia_papposa,11
3144444,Thymophylla pentachaeta,Asteraceae,Asterales,EXACT,ACCEPTED,Thymophylla_pentachaeta,300
3088481,Tagetes minuta,Asteraceae,Asterales,EXACT,ACCEPTED,Tagetes_minuta,300
3109493,Leptorhynchos squamatus,Asteraceae,Asterales,EXACT,ACCEPTED,Haploesthes_greggii-var.-texana,0
3086855,Flaveria cronquistii,Asteraceae,Asterales,EXACT,ACCEPTED,Flaveria_cronquistii,0
8332877,Flaveria angustifolia,Asteraceae,Asterales,EXACT,ACCEPTED,Flaveria_angustifolia,0
3086858,Flaveria pubescens,Asteraceae,Asterales,EXACT,ACCEPTED,Flaveria_pubescens,0
3086861,Flaveria bidentis,Asteraceae,Asterales,EXACT,ACCEPTED,Flaveria_bidentis,300
3086845,Flaveria trinervia,Asteraceae,Asterales,EXACT,ACCEPTED,Flaveria_trinervia,6
5402447,Enydra fluctuans,Asteraceae,Asterales,EXACT,ACCEPTED,Enydra_fluctuans,42
3149853,Dyscritothamnus mirandae,Asteraceae,Asterales,EXACT,ACCEPTED,Dyscritothamnus_mirandae,0
3149462,Tridax procumbens,Asteraceae,Asterales,EXACT,ACCEPTED,Tridax_procumbens,300
3109181,Bebbia juncea,Asteraceae,Asterales,EXACT,ACCEPTED,Bebbia_juncea,0
8298495,Galinsoga quadriradiata,Asteraceae,Asterales,EXACT,ACCEPTED,Galinsoga_quadriradiata,300
3122093,Aphanactis jamesoniana,Asteraceae,Asterales,EXACT,ACCEPTED,Aphanactis_jamesoniana,44
3141057,Jaramilloa hylibates,Asteraceae,Asterales,EXACT,ACCEPTED,Jaramilloa_hylibates,16
3150310,Tetragonotheca texana,Asteraceae,Asterales,EXACT,ACCEPTED,Tetragonotheca_texana,0
3100375,Acanthospermum hispidum,Asteraceae,Asterales,EXACT,ACCEPTED,Acanthospermum_hispidum,280
3125901,Sigesbeckia orientalis,Asteraceae,Asterales,EXACT,ACCEPTED,Sigesbeckia_orientalis,45
8584304,Guizotia abyssinica,Asteraceae,Asterales,EXACT,ACCEPTED,Guizotia_abyssinica,22
3145292,Smallanthus connatus,Asteraceae,Asterales,EXACT,ACCEPTED,Smallanthus_connatus,16
3109147,Espeletia timotensis,Asteraceae,Asterales,EXACT,ACCEPTED,Espeletia_timotensis,171
3105109,Espeletia lopezii,Asteraceae,Asterales,EXACT,ACCEPTED,Espeletia_lopezii,163
3139303,Espeletia colombiana,Asteraceae,Asterales,EXACT,ACCEPTED,Espeletia_colombiana,68
3109493,Leptorhynchos squamatus,Asteraceae,Asterales,EXACT,ACCEPTED,Espeletia_pycnophylla-subsp.-angelensis,0
3147474,Calea uniflora,Asteraceae,Asterales,EXACT,ACCEPTED,Calea_uniflora,1
3139516,Goldmanella sarmentosa,Asteraceae,Asterales,EXACT,ACCEPTED,Goldmanella_sarmentosa,0
5387142,Dahlia pinnata,Asteraceae,Asterales,EXACT,ACCEPTED,Dahlia_pinnata,136
3134001,Coreopsis gigantea,Asteraceae,Asterales,EXACT,ACCEPTED,Coreopsis_gigantea,0
3149896,Isostigma peucedanifolium,Asteraceae,Asterales,EXACT,ACCEPTED,Isostigma_peucedanifolium,0
5390273,Glossocardia bidens,Asteraceae,Asterales,EXACT,ACCEPTED,Glossocardia_bidens,0
3147442,Trioncinia retroflexa,Asteraceae,Asterales,EXACT,ACCEPTED,Trioncinia_retroflexa,0
8209518,Thelesperma megapotamicum,Asteraceae,Asterales,EXACT,ACCEPTED,Thelesperma_megapotamicum,153
7338058,Bidens andicola,Asteraceae,Asterales,EXACT,ACCEPTED,Bidens_andicola,300
3098932,Cosmos caudatus,Asteraceae,Asterales,EXACT,ACCEPTED,Cosmos_caudatus,186
3098928,Cosmos peucedanifolius,Asteraceae,Asterales,EXACT,ACCEPTED,Cosmos_peucedanifolius,207
3098912,Cosmos bipinnatus,Asteraceae,Asterales,EXACT,ACCEPTED,Cosmos_bipinnatus,275
5406093,Montanoa bipinnatifida,Asteraceae,Asterales,EXACT,ACCEPTED,Montanoa_bipinnatifida,1
3149837,Podachaenium eminens,Asteraceae,Asterales,EXACT,ACCEPTED,Podachaenium_eminens,0
3093214,Podanthus mitiqui,Asteraceae,Asterales,EXACT,ACCEPTED,Podanthus_mitiqui,300
3093194,Otopappus imbricatus,Asteraceae,Asterales,EXACT,ACCEPTED,Otopappus_imbricatus,0
3116842,Sphagneticola trilobata,Asteraceae,Asterales,EXACT,ACCEPTED,Sphagneticola_trilobata,300
5396229,Aspilia mossambicensis,Asteraceae,Asterales,EXACT,ACCEPTED,Aspilia_mossambicensis,0
3091470,Calyptocarpus brasiliensis,Asteraceae,Asterales,EXACT,ACCEPTED,Calyptocarpus_brasiliensis,8
3138949,Melampodium divaricatum,Asteraceae,Asterales,EXACT,ACCEPTED,Melampodium_divaricatum,264
3126654,Pascalia glauca,Asteraceae,Asterales,EXACT,ACCEPTED,Pascalia_glauca,249
3104824,Clibadium erosum,Asteraceae,Asterales,EXACT,ACCEPTED,Clibadium_erosum,1
5384950,Eclipta prostrata,Asteraceae,Asterales,EXACT,ACCEPTED,Eclipta_prostrata,300
3097712,Pentalepis trichodesmoides,Asteraceae,Asterales,EXACT,ACCEPTED,Pentalepis_trichodesmoides,0
9079585,Blainvillea cunninghamii,Asteraceae,Asterales,EXACT,ACCEPTED,Blainvillea_cunninghamii,0
5386813,Wollastonia biflora,Asteraceae,Asterales,EXACT,ACCEPTED,Wollastonia_biflora,0
8940842,Acunniana procumbens,Asteraceae,Asterales,EXACT,ACCEPTED,Acunniana_procumbens,0
5386402,Engelmannia peristenia,Asteraceae,Asterales,EXACT,ACCEPTED,Engelmannia_peristenia,0
7475866,Silphium terebinthinaceum,Asteraceae,Asterales,EXACT,ACCEPTED,Silphium_terebinthinaceum,0
3096990,Lindheimera texana,Asteraceae,Asterales,EXACT,ACCEPTED,Lindheimera_texana,0
3129097,Scabrethia scabra,Asteraceae,Asterales,EXACT,ACCEPTED,Scabrethia_scabra,1
3152026,Chrysogonum virginianum,Asteraceae,Asterales,EXACT,ACCEPTED,Chrysogonum_virginianum,0
3087184,Ratibida pinnata,Asteraceae,Asterales,EXACT,ACCEPTED,Ratibida_pinnata,1
3109493,Leptorhynchos squamatus,Asteraceae,Asterales,EXACT,ACCEPTED,Rudbeckia_hirta-var.-pulcherrima,0
5396481,Heliopsis buphthalmoides,Asteraceae,Asterales,EXACT,ACCEPTED,Heliopsis_buphthalmoides,300
3092873,Spilanthes urens,Asteraceae,Asterales,EXACT,ACCEPTED,Spilanthes_urens,45
3150935,Echinacea purpurea,Asteraceae,Asterales,EXACT,ACCEPTED,Echinacea_purpurea,0
3104106,Sanvitalia procumbens,Asteraceae,Asterales,EXACT,ACCEPTED,Sanvitalia_procumbens,1
9193953,Zinnia peruviana,Asteraceae,Asterales,EXACT,ACCEPTED,Zinnia_peruviana,300
3111813,Zinnia haageana,Asteraceae,Asterales,EXACT,ACCEPTED,Zinnia_haageana,0
3111754,Zinnia elegans,Asteraceae,Asterales,EXACT,ACCEPTED,Zinnia_elegans,300
3112520,Rumfordia penninervis,Asteraceae,Asterales,EXACT,ACCEPTED,Rumfordia_penninervis,0
3094552,Flourensia thurifera,Asteraceae,Asterales,EXACT,ACCEPTED,Flourensia_thurifera,300
3094537,Flourensia glutinosa,Asteraceae,Asterales,EXACT,ACCEPTED,Flourensia_glutinosa,0
3091936,Geraea canescens,Asteraceae,Asterales,EXACT,ACCEPTED,Geraea_canescens,0
3118746,Encelia farinosa,Asteraceae,Asterales,EXACT,ACCEPTED,Encelia_farinosa,0
3091038,Bahiopsis parishii,Asteraceae,Asterales,EXACT,ACCEPTED,Bahiopsis_parishii,0
7596704,Sclerocarpus africanus,Asteraceae,Asterales,EXACT,ACCEPTED,Sclerocarpus_africanus,0
3147704,Scalesia affinis,Asteraceae,Asterales,EXACT,ACCEPTED,Scalesia_affinis,0
9206251,Helianthus annuus,Asteraceae,Asterales,EXACT,ACCEPTED,Helianthus_annuus,165
3119249,Helianthus divaricatus,Asteraceae,Asterales,EXACT,ACCEPTED,Helianthus_divaricatus,1
3101708,Zaluzania subcordata,Asteraceae,Asterales,EXACT,ACCEPTED,Zaluzania_subcordata,0
3086802,Parthenium integrifolium,Asteraceae,Asterales,EXACT,ACCEPTED,Parthenium_integrifolium,0
3086784,Parthenium hysterophorus,Asteraceae,Asterales,EXACT,ACCEPTED,Parthenium_hysterophorus,300
8002952,Ambrosia artemisiifolia,Asteraceae,Asterales,EXACT,ACCEPTED,Ambrosia_artemisiifolia,94
3089154,Xanthium strumarium,Asteraceae,Asterales,EXACT,ACCEPTED,Xanthium_strumarium,86
5405885,Lamprocephalus montanus,Asteraceae,Asterales,EXACT,ACCEPTED,Lamprocephalus_montanus,0
3142996,Doronicum grandiflorum,Asteraceae,Asterales,EXACT,ACCEPTED,Doronicum_grandiflorum,0
3138524,Abrotanella nivigena,Asteraceae,Asterales,EXACT,ACCEPTED,Abrotanella_nivigena,0
3134056,Capelio tabularis,Asteraceae,Asterales,EXACT,ACCEPTED,Capelio_tabularis,0
3143093,Paragynoxys venezuelae,Asteraceae,Asterales,EXACT,ACCEPTED,Paragynoxys_venezuelae,23
3138776,Gynoxys cuicochensis,Asteraceae,Asterales,EXACT,ACCEPTED,Gynoxys_cuicochensis,90
3138737,Gynoxys miniphylla,Asteraceae,Asterales,EXACT,ACCEPTED,Gynoxys_miniphylla,116
3139775,Chersodoma jodopappa,Asteraceae,Asterales,EXACT,ACCEPTED,Chersodoma_jodopappa,104
3139767,Chersodoma arequipensis,Asteraceae,Asterales,EXACT,ACCEPTED,Chersodoma_arequipensis,11
5390070,Arnoglossum atriplicifolium,Asteraceae,Asterales,EXACT,ACCEPTED,Arnoglossum_atriplicifolium,0
3144294,Barkleyanthus salicifolius,Asteraceae,Asterales,EXACT,ACCEPTED,Barkleyanthus_salicifolius,0
3092011,Telanthophora grandifolia,Asteraceae,Asterales,EXACT,ACCEPTED,Telanthophora_grandifolia,2
3141665,Roldana petasitis,Asteraceae,Asterales,EXACT,ACCEPTED,Roldana_petasitis,0
3149879,Tussilago farfara,Asteraceae,Asterales,EXACT,ACCEPTED,Tussilago_farfara,0
7749287,Petasites albus,Asteraceae,Asterales,EXACT,ACCEPTED,Petasites_albus,0
3133692,Homogyne alpina,Asteraceae,Asterales,EXACT,ACCEPTED,Homogyne_alpina,0
3119986,Tetradymia canescens,Asteraceae,Asterales,EXACT,ACCEPTED,Tetradymia_canescens,0
3101212,Farfugium japonicum,Asteraceae,Asterales,EXACT,ACCEPTED,Farfugium_japonicum,4
3131004,Tephroseris longifolia,Asteraceae,Asterales,EXACT,ACCEPTED,Tephroseris_longifolia,0
3092770,Syneilesis palmata,Asteraceae,Asterales,EXACT,ACCEPTED,Syneilesis_palmata,0
3090462,Parasenecio palmatisectus,Asteraceae,Asterales,EXACT,ACCEPTED,Parasenecio_palmatisectus,0
6445722,Ligularia sibirica,Asteraceae,Asterales,EXACT,ACCEPTED,Ligularia_sibirica,0
5395415,Ligularia rumicifolia,Asteraceae,Asterales,EXACT,ACCEPTED,Ligularia_rumicifolia,0
3137345,Cremanthodium campanulatum,Asteraceae,Asterales,EXACT,ACCEPTED,Cremanthodium_campanulatum,2
5393071,Traversia baccharoides,Asteraceae,Asterales,EXACT,ACCEPTED,Traversia_baccharoides,0
5393755,Haastia sinclairii,Asteraceae,Asterales,EXACT,ACCEPTED,Haastia_sinclairii,0
3129112,Papuacalia carstenszensis,Asteraceae,Asterales,EXACT,ACCEPTED,Papuacalia_carstenszensis,0
3138418,Centropappus brunonis,Asteraceae,Asterales,EXACT,ACCEPTED,Centropappus_brunonis,0
5386074,Bedfordia salicina,Asteraceae,Asterales,EXACT,ACCEPTED,Bedfordia_salicina,0
5402648,Synotis alata,Asteraceae,Asterales,EXACT,ACCEPTED,Synotis_alata,0
9251599,Othonna daucifolia,Asteraceae,Asterales,EXACT,ACCEPTED,Othonna_daucifolia,0
5394991,Euryops wageneri,Asteraceae,Asterales,EXACT,ACCEPTED,Euryops_wageneri,0
7796865,Othonna perfoliata,Asteraceae,Asterales,EXACT,ACCEPTED,Othonna_perfoliata,0
3122416,Lopholaena disticha,Asteraceae,Asterales,EXACT,ACCEPTED,Lopholaena_disticha,0
3098869,Hertia alata,Asteraceae,Asterales,EXACT,ACCEPTED,Hertia_alata,0
5401102,Lordhowea insularis,Asteraceae,Asterales,EXACT,ACCEPTED,Lordhowea_insularis,0
3139933,Gynura sechellensis,Asteraceae,Asterales,EXACT,ACCEPTED,Gynura_sechellensis,0
5405679,Kleinia abyssinica,Asteraceae,Asterales,EXACT,ACCEPTED,Kleinia_abyssinica,0
3090935,Solanecio mannii,Asteraceae,Asterales,EXACT,ACCEPTED,Solanecio_mannii,0
5388634,Jacobaea abrotanifolia,Asteraceae,Asterales,EXACT,ACCEPTED,Jacobaea_abrotanifolia,0
7478285,Arrhenechthites mixtus,Asteraceae,Asterales,EXACT,ACCEPTED,Arrhenechthites_mixtus,0
3115443,Crassocephalum crepidioides,Asteraceae,Asterales,EXACT,ACCEPTED,Crassocephalum_crepidioides,19
3132457,Erechtites hieraciifolius,Asteraceae,Asterales,EXACT,ACCEPTED,Erechtites_hieraciifolius,300
7615147,Culcitium neaei,Asteraceae,Asterales,EXACT,ACCEPTED,Culcitium_neaei,1
3108405,Culcitium canescens,Asteraceae,Asterales,EXACT,ACCEPTED,Culcitium_canescens,300
4207892,Aetheolaena longepenicillata,Asteraceae,Asterales,EXACT,ACCEPTED,Aetheolaena_longepenicillata,12
3099439,Aetheolaena otophora,Asteraceae,Asterales,EXACT,ACCEPTED,Aetheolaena_otophora,209
3107370,Culcitium nivale,Asteraceae,Asterales,EXACT,ACCEPTED,Culcitium_nivale,233
3116921,Lasiocephalus ovatus,Asteraceae,Asterales,EXACT,ACCEPTED,Lasiocephalus_ovatus,300
3108780,Senecio adenophyllus,Asteraceae,Asterales,EXACT,ACCEPTED,Senecio_adenophyllus,74
3108383,Senecio humillimus,Asteraceae,Asterales,EXACT,ACCEPTED,Senecio_humillimus,48
3108749,Senecio nutans,Asteraceae,Asterales,EXACT,ACCEPTED,Senecio_nutans,158
6300003,Senecio puchei,Asteraceae,Asterales,EXACT,ACCEPTED,Senecio_puchei,43
3149649,Curio rowleyanus,Asteraceae,Asterales,EXACT,ACCEPTED,Curio_rowleyanus,3
3113937,Packera quercetorum,Asteraceae,Asterales,EXACT,ACCEPTED,Packera_quercetorum,0
8303747,Pericallis cruenta,Asteraceae,Asterales,EXACT,ACCEPTED,Pericallis_cruenta,1
3087456,Pericallis webbii,Asteraceae,Asterales,EXACT,ACCEPTED,Pericallis_webbii,0
9423104,Cineraria lobata,Asteraceae,Asterales,EXACT,ACCEPTED,Cineraria_lobata,0
5388602,Jacobaea vulgaris,Asteraceae,Asterales,EXACT,ACCEPTED,Jacobaea_vulgaris,0
5699739,Hubertia ambavilla,Asteraceae,Asterales,EXACT,ACCEPTED,Hubertia_ambavilla,0
3142336,Bethencourtia palmensis,Asteraceae,Asterales,EXACT,ACCEPTED,Bethencourtia_palmensis,0
11172559,Emilia zambiensis,Asteraceae,Asterales,EXACT,ACCEPTED,Emilia_zambiensis,0
5401508,Emilia fosbergii,Asteraceae,Asterales,EXACT,ACCEPTED,Emilia_fosbergii,300
3122015,Arbelaezaster ellsworthii,Asteraceae,Asterales,EXACT,ACCEPTED,Arbelaezaster_ellsworthii,2
3109980,Dendrophorbium lloense,Asteraceae,Asterales,EXACT,ACCEPTED,Dendrophorbium_lloense,54
3111206,Monticalia imbricatifolia,Asteraceae,Asterales,EXACT,ACCEPTED,Monticalia_imbricatifolia,1
3111420,Pentacalia ellipticifolia,Asteraceae,Asterales,EXACT,ACCEPTED,Pentacalia_ellipticifolia,24
3092555,Monticalia peruviana,Asteraceae,Asterales,EXACT,ACCEPTED,Monticalia_peruviana,278
3092549,Monticalia myrsinites,Asteraceae,Asterales,EXACT,ACCEPTED,Monticalia_myrsinites,126
3092559,Monticalia arbutifolia,Asteraceae,Asterales,EXACT,ACCEPTED,Monticalia_arbutifolia,300
3111278,Pentacalia albotecta,Asteraceae,Asterales,EXACT,ACCEPTED,Pentacalia_albotecta,30
3093515,Cabreriella oppositicordia,Asteraceae,Asterales,EXACT,ACCEPTED,Cabreriella_oppositicordia,5
3111487,Pentacalia weinmannifolia,Asteraceae,Asterales,EXACT,ACCEPTED,Pentacalia_weinmannifolia,32
3111221,Monticalia vaccinioides,Asteraceae,Asterales,EXACT,ACCEPTED,Monticalia_vaccinioides,300
3129163,Baccharis prunifolia,Asteraceae,Asterales,EXACT,ACCEPTED,Baccharis_prunifolia,300
3151233,Dorobaea pimpinellifolia,Asteraceae,Asterales,EXACT,ACCEPTED,Dorobaea_pimpinellifolia,300
3150256,Pseudogynoxys chenopodioides,Asteraceae,Asterales,EXACT,ACCEPTED,Pseudogynoxys_chenopodioides,69
5402722,Werneria poposa,Asteraceae,Asterales,EXACT,ACCEPTED,Werneria_poposa,79
3110760,Osmitopsis asteriscoides,Asteraceae,Asterales,EXACT,ACCEPTED,Osmitopsis_asteriscoides,0
5390903,Inezia integrifolia,Asteraceae,Asterales,EXACT,ACCEPTED,Inezia_integrifolia,0
5386438,Hippia frutescens,Asteraceae,Asterales,EXACT,ACCEPTED,Hippia_frutescens,0
3114948,Schistostephium umbellatum,Asteraceae,Asterales,EXACT,ACCEPTED,Schistostephium_umbellatum,0
3097538,Leptinella scariosa,Asteraceae,Asterales,EXACT,ACCEPTED,Leptinella_scariosa,77
3112110,Cotula coronopifolia,Asteraceae,Asterales,EXACT,ACCEPTED,Cotula_coronopifolia,300
3112142,Soliva mexicana,Asteraceae,Asterales,EXACT,ACCEPTED,Soliva_mexicana,222
3092691,Soliva sessilis,Asteraceae,Asterales,EXACT,ACCEPTED,Soliva_sessilis,95
3089060,Ursinia sericea,Asteraceae,Asterales,EXACT,ACCEPTED,Ursinia_sericea,0
3130137,Eriocephalus africanus,Asteraceae,Asterales,EXACT,ACCEPTED,Eriocephalus_africanus,0
5393794,Eumorphia davyi,Asteraceae,Asterales,EXACT,ACCEPTED,Eumorphia_davyi,0
3127329,Phymaspermum acerosum,Asteraceae,Asterales,EXACT,ACCEPTED,Phymaspermum_acerosum,0
3087203,Lasiospermum pedunculare,Asteraceae,Asterales,EXACT,ACCEPTED,Lasiospermum_pedunculare,0
3114343,Athanasia trifurcata,Asteraceae,Asterales,EXACT,ACCEPTED,Athanasia_trifurcata,0
5402030,Hymenolepis gnidioides,Asteraceae,Asterales,EXACT,ACCEPTED,Hymenolepis_gnidioides,0
3118646,Oncosiphon grandiflorus,Asteraceae,Asterales,EXACT,ACCEPTED,Oncosiphon_grandiflorus,0
3121742,Foveolina tenella,Asteraceae,Asterales,EXACT,ACCEPTED,Foveolina_tenella,0
3118663,Oncosiphon suffruticosus,Asteraceae,Asterales,EXACT,ACCEPTED,Oncosiphon_suffruticosus,0
5391156,Pentzia elegans,Asteraceae,Asterales,EXACT,ACCEPTED,Pentzia_elegans,0
3112380,Cymbopappus adenosolen,Asteraceae,Asterales,EXACT,ACCEPTED,Cymbopappus_adenosolen,0
3087240,Cancrinia discoidea,Asteraceae,Asterales,EXACT,ACCEPTED,Cancrinia_discoidea,0
3092827,Neopallasia pectinata,Asteraceae,Asterales,EXACT,ACCEPTED,Neopallasia_pectinata,0
3098284,Brachanthemum gobicum,Asteraceae,Asterales,EXACT,ACCEPTED,Brachanthemum_gobicum,0
3110332,Kaschgaria brachanthemoides,Asteraceae,Asterales,EXACT,ACCEPTED,Kaschgaria_brachanthemoides,0
3143098,Filifolium sibiricum,Asteraceae,Asterales,EXACT,ACCEPTED,Filifolium_sibiricum,0
7970844,Crossostephium chinense,Asteraceae,Asterales,EXACT,ACCEPTED,Crossostephium_chinense,0
3143105,Opisthopappus taihangensis,Asteraceae,Asterales,EXACT,ACCEPTED,Opisthopappus_taihangensis,0
10906157,Chrysanthemum zawadzkii,Asteraceae,Asterales,EXACT,ACCEPTED,Chrysanthemum_zawadzkii,1
3112285,Ajania fruticulosa,Asteraceae,Asterales,EXACT,ACCEPTED,Ajania_fruticulosa,0
3092083,Coleostephus myconis,Asteraceae,Asterales,EXACT,ACCEPTED,Coleostephus_myconis,3
3089033,Ursinia anthemoides,Asteraceae,Asterales,EXACT,ACCEPTED,Ursinia_anthemoides,0
5390421,Brocchia cinerea,Asteraceae,Asterales,EXACT,ACCEPTED,Brocchia_cinerea,0
5393712,Plagius maghrebinus,Asteraceae,Asterales,EXACT,ACCEPTED,Plagius_maghrebinus,0
7511640,Rhodanthemum gayanum,Asteraceae,Asterales,EXACT,ACCEPTED,Rhodanthemum_gayanum,0
5400960,Leucanthemum graminifolium,Asteraceae,Asterales,EXACT,ACCEPTED,Leucanthemum_graminifolium,0
3141101,Glebionis segetum,Asteraceae,Asterales,EXACT,ACCEPTED,Glebionis_segetum,0
3104513,Argyranthemum tenerifae,Asteraceae,Asterales,EXACT,ACCEPTED,Argyranthemum_tenerifae,0
8332440,Argyranthemum foeniculaceum,Asteraceae,Asterales,EXACT,ACCEPTED,Argyranthemum_foeniculaceum,0
5391599,Chamaemelum nobile,Asteraceae,Asterales,EXACT,ACCEPTED,Chamaemelum_nobile,17
3110792,Cladanthus scariosus,Asteraceae,Asterales,EXACT,ACCEPTED,Cladanthus_scariosus,0
3125943,Santolina elegans,Asteraceae,Asterales,EXACT,ACCEPTED,Santolina_elegans,0
3125933,Santolina chamaecyparissus,Asteraceae,Asterales,EXACT,ACCEPTED,Santolina_chamaecyparissus,23
3150359,Phalacrocarpum oppositifolium,Asteraceae,Asterales,EXACT,ACCEPTED,Phalacrocarpum_oppositifolium,0
3087995,Castrilanthemum debeauxii,Asteraceae,Asterales,EXACT,ACCEPTED,Castrilanthemum_debeauxii,0
3122039,Leucanthemopsis alpina,Asteraceae,Asterales,EXACT,ACCEPTED,Leucanthemopsis_alpina,0
3132537,Hymenostemma pseudanthemis,Asteraceae,Asterales,EXACT,ACCEPTED,Hymenostemma_pseudanthemis,0
3151344,Prolongoa hispanica,Asteraceae,Asterales,EXACT,ACCEPTED,Prolongoa_hispanica,0
3118274,Tanacetum vulgare,Asteraceae,Asterales,EXACT,ACCEPTED,Tanacetum_vulgare,37
6063901,Gonospermum ferulaceum,Asteraceae,Asterales,EXACT,ACCEPTED,Gonospermum_ferulaceum,0
5390618,Cota tinctoria,Asteraceae,Asterales,EXACT,ACCEPTED,Cota_tinctoria,1
3118430,Tanacetum parthenium,Asteraceae,Asterales,EXACT,ACCEPTED,Tanacetum_parthenium,300
3103791,Matricaria discoidea,Asteraceae,Asterales,EXACT,ACCEPTED,Matricaria_discoidea,79
3104179,Tripleurospermum inodorum,Asteraceae,Asterales,EXACT,ACCEPTED,Tripleurospermum_inodorum,15
3102781,Anthemis arvensis,Asteraceae,Asterales,EXACT,ACCEPTED,Anthemis_arvensis,38
3109493,Leptorhynchos squamatus,Asteraceae,Asterales,EXACT,ACCEPTED,Achillea_distans-subsp.-tanacetifolia,0
3120356,Achillea maritima,Asteraceae,Asterales,EXACT,ACCEPTED,Achillea_maritima,0
3096491,Heliocauta atlantica,Asteraceae,Asterales,EXACT,ACCEPTED,Heliocauta_atlantica,0
3148589,Anacyclus clavatus,Asteraceae,Asterales,EXACT,ACCEPTED,Anacyclus_clavatus,0
3118637,Corymbium villosum,Asteraceae,Asterales,EXACT,ACCEPTED,Corymbium_villosum,0
3118633,Corymbium cymosum,Asteraceae,Asterales,EXACT,ACCEPTED,Corymbium_cymosum,0
7444199,Corymbium glabrum,Asteraceae,Asterales,EXACT,ACCEPTED,Corymbium_glabrum,0
5402340,Dimorphotheca jucunda,Asteraceae,Asterales,EXACT,ACCEPTED,Dimorphotheca_jucunda,0
5402363,Dimorphotheca pluvialis,Asteraceae,Asterales,EXACT,ACCEPTED,Dimorphotheca_pluvialis,10
3093609,Osteospermum sinuatum,Asteraceae,Asterales,EXACT,ACCEPTED,Osteospermum_sinuatum,0
4252828,Osteospermum moniliferum,Asteraceae,Asterales,EXACT,ACCEPTED,Osteospermum_moniliferum,15
9182765,Calendula arvensis,Asteraceae,Asterales,EXACT,ACCEPTED,Calendula_arvensis,34
3138399,Osteospermum ilicifolium,Asteraceae,Asterales,EXACT,ACCEPTED,Osteospermum_ilicifolium,0
3098488,Printzia polifolia,Asteraceae,Asterales,EXACT,ACCEPTED,Printzia_polifolia,0
3098502,Printzia auriculata,Asteraceae,Asterales,EXACT,ACCEPTED,Printzia_auriculata,0
5390235,Nardophyllum chiliotrichoides,Asteraceae,Asterales,EXACT,ACCEPTED,Nardophyllum_chiliotrichoides,42
5390238,Nardophyllum armatum,Asteraceae,Asterales,EXACT,ACCEPTED,Nardophyllum_armatum,57
5391053,Celmisia angustifolia,Asteraceae,Asterales,EXACT,ACCEPTED,Celmisia_angustifolia,0
5391060,Celmisia lyallii,Asteraceae,Asterales,EXACT,ACCEPTED,Celmisia_lyallii,0
5391039,Celmisia costiniana,Asteraceae,Asterales,EXACT,ACCEPTED,Celmisia_costiniana,0
3150323,Pachystegia insignis,Asteraceae,Asterales,EXACT,ACCEPTED,Pachystegia_insignis,0
5385001,Pleurophyllum hookeri,Asteraceae,Asterales,EXACT,ACCEPTED,Pleurophyllum_hookeri,0
10737146,Mairia purpurata,Asteraceae,Asterales,EXACT,ACCEPTED,Mairia_purpurata,0
3134482,Novenia tunariensis,Asteraceae,Asterales,EXACT,ACCEPTED,Novenia_tunariensis,52
3096721,Oritrophium peruvianum,Asteraceae,Asterales,EXACT,ACCEPTED,Oritrophium_peruvianum,300
3096716,Oritrophium repens,Asteraceae,Asterales,EXACT,ACCEPTED,Oritrophium_repens,81
5394807,Pteronia divaricata,Asteraceae,Asterales,EXACT,ACCEPTED,Pteronia_divaricata,0
3151295,Thaminophyllum latifolium,Asteraceae,Asterales,EXACT,ACCEPTED,Thaminophyllum_latifolium,0
3141923,Polyarrhena reflexa,Asteraceae,Asterales,EXACT,ACCEPTED,Polyarrhena_reflexa,0
3137989,Poecilolepis ficoidea,Asteraceae,Asterales,EXACT,ACCEPTED,Poecilolepis_ficoidea,0
8389589,Chrysocoma ciliata,Asteraceae,Asterales,EXACT,ACCEPTED,Chrysocoma_ciliata,0
3134948,Erodiophyllum elderi,Asteraceae,Asterales,EXACT,ACCEPTED,Erodiophyllum_elderi,0
3090697,Linochilus floribundus,Asteraceae,Asterales,EXACT,ACCEPTED,Linochilus_floribundus,300
10824476,Linochilus rupestris,Asteraceae,Asterales,EXACT,ACCEPTED,Linochilus_rupestris,300
5395237,Welwitschiella neriifolia,Asteraceae,Asterales,EXACT,ACCEPTED,Welwitschiella_neriifolia,0
3138913,Peripleura arida,Asteraceae,Asterales,EXACT,ACCEPTED,Peripleura_arida,0
3089810,Commidendrum rugosum,Asteraceae,Asterales,EXACT,ACCEPTED,Commidendrum_rugosum,0
3115588,Dichrocephala integrifolia,Asteraceae,Asterales,EXACT,ACCEPTED,Dichrocephala_integrifolia,0
3145202,Novaguinea rudalliae,Asteraceae,Asterales,EXACT,ACCEPTED,Novaguinea_rudalliae,0
3119729,Psiadia retusa,Asteraceae,Asterales,EXACT,ACCEPTED,Psiadia_retusa,0
4252339,Sarcanthemum coronopus,Asteraceae,Asterales,EXACT,ACCEPTED,Sarcanthemum_coronopus,0
4217191,Psiadia arguta,Asteraceae,Asterales,EXACT,ACCEPTED,Psiadia_arguta,0
3147439,Pithocarpa pulchella,Asteraceae,Asterales,EXACT,ACCEPTED,Pithocarpa_pulchella,0
3092774,Euthamia occidentalis,Asteraceae,Asterales,EXACT,ACCEPTED,Euthamia_occidentalis,0
3117424,Bellis perennis,Asteraceae,Asterales,EXACT,ACCEPTED,Bellis_perennis,173
3092946,Callistephus chinensis,Asteraceae,Asterales,EXACT,ACCEPTED,Callistephus_chinensis,6
7751501,Aster tataricus,Asteraceae,Asterales,EXACT,ACCEPTED,Aster_tataricus,0
11228231,Galatella grimmii,Asteraceae,Asterales,EXACT,ACCEPTED,Galatella_grimmii,0
5387396,Aster alpinus,Asteraceae,Asterales,EXACT,ACCEPTED,Aster_alpinus,0
3091677,Galatella linosyris,Asteraceae,Asterales,EXACT,ACCEPTED,Galatella_linosyris,0
7979053,Olearia axillaris,Asteraceae,Asterales,EXACT,ACCEPTED,Olearia_axillaris,5
3117221,Allittia cardiocarpa,Asteraceae,Asterales,EXACT,ACCEPTED,Allittia_cardiocarpa,0
3095899,Parantennaria uniceps,Asteraceae,Asterales,EXACT,ACCEPTED,Parantennaria_uniceps,0
5385662,Pembertonia latisquamea,Asteraceae,Asterales,EXACT,ACCEPTED,Pembertonia_latisquamea,0
3144603,Brachyscome iberidifolia,Asteraceae,Asterales,EXACT,ACCEPTED,Brachyscome_iberidifolia,0
3103404,Chondropyxis halophila,Asteraceae,Asterales,EXACT,ACCEPTED,Chondropyxis_halophila,0
5389440,Kippistia suaedifolia,Asteraceae,Asterales,EXACT,ACCEPTED,Kippistia_suaedifolia,0
3095324,Minuria leptophylla,Asteraceae,Asterales,EXACT,ACCEPTED,Minuria_leptophylla,0
3110321,Elachanthus pusillus,Asteraceae,Asterales,EXACT,ACCEPTED,Elachanthus_pusillus,0
5394705,Isoetopsis graminifolia,Asteraceae,Asterales,EXACT,ACCEPTED,Isoetopsis_graminifolia,0
3148673,Iotasperma sessilifolia,Asteraceae,Asterales,EXACT,ACCEPTED,Iotasperma_sessilifolia,0
3151291,Dichromochlamys dentatifolia,Asteraceae,Asterales,EXACT,ACCEPTED,Dichromochlamys_dentatifolia,0
3089436,Ixiochlamys cuneifolia,Asteraceae,Asterales,EXACT,ACCEPTED,Ixiochlamys_cuneifolia,0
3117345,Ceratogyne obionoides,Asteraceae,Asterales,EXACT,ACCEPTED,Ceratogyne_obionoides,0
3098324,Solenogyne dominii,Asteraceae,Asterales,EXACT,ACCEPTED,Solenogyne_dominii,0
3142124,Lagenophora stipitata,Asteraceae,Asterales,EXACT,ACCEPTED,Lagenophora_stipitata,0
3134177,Achnophora tatei,Asteraceae,Asterales,EXACT,ACCEPTED,Achnophora_tatei,0
4247760,Pappochroma pappocromum,Asteraceae,Asterales,EXACT,ACCEPTED,Pappochroma_pappocromum,0
9511638,Pilbara trudgenii,Asteraceae,Asterales,EXACT,ACCEPTED,Pilbara_trudgenii,0
3092114,Dimorphocoma minutula,Asteraceae,Asterales,EXACT,ACCEPTED,Dimorphocoma_minutula,0
3099135,Camptacra barbata,Asteraceae,Asterales,EXACT,ACCEPTED,Camptacra_barbata,0
3090682,Linochilus phylicoides,Asteraceae,Asterales,EXACT,ACCEPTED,Linochilus_phylicoides,300
3088182,Plagiocheilus peduncularis,Asteraceae,Asterales,EXACT,ACCEPTED,Plagiocheilus_peduncularis,12
3114905,Tessaria absinthioides,Asteraceae,Asterales,EXACT,ACCEPTED,Tessaria_absinthioides,300
3134189,Hinterhubera columbica,Asteraceae,Asterales,EXACT,ACCEPTED,Hinterhubera_columbica,5
3089479,Blakiella bartsiifolia,Asteraceae,Asterales,EXACT,ACCEPTED,Blakiella_bartsiifolia,5
3098735,Parastrephia phyliciformis,Asteraceae,Asterales,EXACT,ACCEPTED,Parastrephia_phyliciformis,5
3098748,Parastrephia quadrangularis,Asteraceae,Asterales,EXACT,ACCEPTED,Parastrephia_quadrangularis,215
3090634,Diplostephium glandulosum,Asteraceae,Asterales,EXACT,ACCEPTED,Diplostephium_glandulosum,282
3090590,Diplostephium ericoides,Asteraceae,Asterales,EXACT,ACCEPTED,Diplostephium_ericoides,300
3147013,Erigeron rosulatus,Asteraceae,Asterales,EXACT,ACCEPTED,Erigeron_rosulatus,89
3146961,Erigeron ecuadoriensis,Asteraceae,Asterales,EXACT,ACCEPTED,Erigeron_ecuadoriensis,156
3147144,Erigeron uniflorus,Asteraceae,Asterales,EXACT,ACCEPTED,Erigeron_uniflorus,0
3146791,Erigeron canadensis,Asteraceae,Asterales,EXACT,ACCEPTED,Erigeron_canadensis,140
5400888,Helianthella quinquenervis,Asteraceae,Asterales,EXACT,ACCEPTED,Helianthella_quinquenervis,0
3088843,Sericocarpus oregonensis,Asteraceae,Asterales,EXACT,ACCEPTED,Sericocarpus_oregonensis,0
5389072,Solidago chilensis,Asteraceae,Asterales,EXACT,ACCEPTED,Solidago_chilensis,300
5389029,Solidago canadensis,Asteraceae,Asterales,EXACT,ACCEPTED,Solidago_canadensis,0
5402043,Stenotus acaulis,Asteraceae,Asterales,EXACT,ACCEPTED,Stenotus_acaulis,0
3148655,Chrysothamnus greenei,Asteraceae,Asterales,EXACT,ACCEPTED,Chrysothamnus_greenei,0
6444720,Pityopsis aspera,Asteraceae,Asterales,EXACT,ACCEPTED,Pityopsis_aspera,0
3094303,Pityopsis ruthii,Asteraceae,Asterales,EXACT,ACCEPTED,Pityopsis_ruthii,0
5939812,Laestadia muscicola,Asteraceae,Asterales,EXACT,ACCEPTED,Laestadia_muscicola,141
5401993,Heterotheca canescens,Asteraceae,Asterales,EXACT,ACCEPTED,Heterotheca_canescens,0
5385913,Chrysopsis scabrella,Asteraceae,Asterales,EXACT,ACCEPTED,Chrysopsis_scabrella,0
3151505,Symphyotrichum ascendens,Asteraceae,Asterales,EXACT,ACCEPTED,Symphyotrichum_ascendens,0
3109493,Leptorhynchos squamatus,Asteraceae,Asterales,EXACT,ACCEPTED,Symphyotrichum_subulatum-var.-squamatum,0
5396160,Eurybia radula,Asteraceae,Asterales,EXACT,ACCEPTED,Eurybia_radula,0
3117073,Dieteria canescens,Asteraceae,Asterales,EXACT,ACCEPTED,Dieteria_canescens,0
3150459,Xanthisma coloradoense,Asteraceae,Asterales,EXACT,ACCEPTED,Xanthisma_coloradoense,0
3100503,Haplopappus glutinosus,Asteraceae,Asterales,EXACT,ACCEPTED,Haplopappus_glutinosus,191
3118138,Corethrogyne filaginifolia,Asteraceae,Asterales,EXACT,ACCEPTED,Corethrogyne_filaginifolia,0
3099285,Isocoma menziesii,Asteraceae,Asterales,EXACT,ACCEPTED,Isocoma_menziesii,0
3146290,Grindelia brachystephana,Asteraceae,Asterales,EXACT,ACCEPTED,Grindelia_brachystephana,61
9377929,Roebuckiella halophila,Asteraceae,Asterales,EXACT,ACCEPTED,Roebuckiella_halophila,0
3086881,Eriochlamys behrii,Asteraceae,Asterales,EXACT,ACCEPTED,Eriochlamys_behrii,0
3149917,Alatoseta tenuis,Asteraceae,Asterales,EXACT,ACCEPTED,Alatoseta_tenuis,0
3087097,Athrixia subsimplex,Asteraceae,Asterales,EXACT,ACCEPTED,Athrixia_subsimplex,0
3088821,Lepidostephium asteroides,Asteraceae,Asterales,EXACT,ACCEPTED,Lepidostephium_asteroides,0
3150037,Phagnalon rupestre,Asteraceae,Asterales,EXACT,ACCEPTED,Phagnalon_rupestre,0
10633968,Arrowsmithia abyssinica,Asteraceae,Asterales,EXACT,ACCEPTED,Arrowsmithia_abyssinica,0
10069864,Fluminaria pinifolia,Asteraceae,Asterales,EXACT,ACCEPTED,Fluminaria_pinifolia,0
5385189,Oedera capensis,Asteraceae,Asterales,EXACT,ACCEPTED,Oedera_capensis,0
9660328,Oedera glandulosa,Asteraceae,Asterales,EXACT,ACCEPTED,Oedera_glandulosa,0
3094592,Nestlera biennis,Asteraceae,Asterales,EXACT,ACCEPTED,Nestlera_biennis,0
3098532,Rhynchopsidium pumilum,Asteraceae,Asterales,EXACT,ACCEPTED,Rhynchopsidium_pumilum,0
3138935,Sondottia connata,Asteraceae,Asterales,EXACT,ACCEPTED,Sondottia_connata,0
3117320,Gnephosis tenuissima,Asteraceae,Asterales,EXACT,ACCEPTED,Gnephosis_tenuissima,0
3103498,Calotesta alba,Asteraceae,Asterales,EXACT,ACCEPTED,Calotesta_alba,0
3089665,Helichrysopsis septentrionalis,Asteraceae,Asterales,EXACT,ACCEPTED,Helichrysopsis_septentrionalis,0
8295614,Ifloga ambigua,Asteraceae,Asterales,EXACT,ACCEPTED,Ifloga_ambigua,0
3096578,Ifloga polycnemoides,Asteraceae,Asterales,EXACT,ACCEPTED,Ifloga_polycnemoides,0
3104261,Phaenocoma prolifera,Asteraceae,Asterales,EXACT,ACCEPTED,Phaenocoma_prolifera,0
5405753,Dolichothrix ericoides,Asteraceae,Asterales,EXACT,ACCEPTED,Dolichothrix_ericoides,0
3095237,Metalasia octoflora,Asteraceae,Asterales,EXACT,ACCEPTED,Metalasia_octoflora,0
3122066,Lachnospermum fasciculatum,Asteraceae,Asterales,EXACT,ACCEPTED,Lachnospermum_fasciculatum,0
3146493,Hydroidea elsiae,Asteraceae,Asterales,EXACT,ACCEPTED,Hydroidea_elsiae,0
3105263,Atrichantha gemmifera,Asteraceae,Asterales,EXACT,ACCEPTED,Atrichantha_gemmifera,0
3149393,Amphiglossa callunoides,Asteraceae,Asterales,EXACT,ACCEPTED,Amphiglossa_callunoides,0
3090828,Stoebe aethiopica,Asteraceae,Asterales,EXACT,ACCEPTED,Stoebe_aethiopica,0
7551638,Seriphium cinereum,Asteraceae,Asterales,EXACT,ACCEPTED,Seriphium_cinereum,0
7604717,Elytropappus hispidus,Asteraceae,Asterales,EXACT,ACCEPTED,Elytropappus_hispidus,0
3149406,Amphiglossa tomentosa,Asteraceae,Asterales,EXACT,ACCEPTED,Amphiglossa_tomentosa,0
3104052,Dicerothamnus rhinocerotis,Asteraceae,Asterales,EXACT,ACCEPTED,Dicerothamnus_rhinocerotis,0
10793874,Myrovernix longifolius,Asteraceae,Asterales,EXACT,ACCEPTED,Myrovernix_longifolius,0
3146162,Disparago kolbei,Asteraceae,Asterales,EXACT,ACCEPTED,Disparago_kolbei,0
3099963,Disparago tortilis,Asteraceae,Asterales,EXACT,ACCEPTED,Disparago_tortilis,0
3151373,Seriphium plumosum,Asteraceae,Asterales,EXACT,ACCEPTED,Seriphium_plumosum,0
9450859,Seriphium pachycladum,Asteraceae,Asterales,EXACT,ACCEPTED,Seriphium_pachycladum,0
5396496,Galeomma oculus-cati,Asteraceae,Asterales,EXACT,ACCEPTED,Galeomma_oculus-cati,0
5405856,Lasiopogon muscoides,Asteraceae,Asterales,EXACT,ACCEPTED,Lasiopogon_muscoides,0
3118051,Troglophyton parvulum,Asteraceae,Asterales,EXACT,ACCEPTED,Troglophyton_parvulum,0
3137074,Vellereophyton dealbatum,Asteraceae,Asterales,EXACT,ACCEPTED,Vellereophyton_dealbatum,0
5405859,Lasiopogon brachypterus,Asteraceae,Asterales,EXACT,ACCEPTED,Lasiopogon_brachypterus,0
4244429,Stenocline inuloides,Asteraceae,Asterales,EXACT,ACCEPTED,Stenocline_inuloides,0
4236274,Syncephalum stenoclinoides,Asteraceae,Asterales,EXACT,ACCEPTED,Syncephalum_stenoclinoides,0
4926336,Anaphalis margaritacea,Asteraceae,Asterales,EXACT,ACCEPTED,Anaphalis_margaritacea,4
7874546,Helichrysum orientale,Asteraceae,Asterales,EXACT,ACCEPTED,Helichrysum_orientale,3
3131494,Helichrysum stoechas,Asteraceae,Asterales,EXACT,ACCEPTED,Helichrysum_stoechas,0
3144306,Humeocline madagascariensis,Asteraceae,Asterales,EXACT,ACCEPTED,Humeocline_madagascariensis,0
3101047,Pseudognaphalium oxyphyllum,Asteraceae,Asterales,EXACT,ACCEPTED,Pseudognaphalium_oxyphyllum,2
3139547,Achyrocline alata,Asteraceae,Asterales,EXACT,ACCEPTED,Achyrocline_alata,300
3103097,Pseudognaphalium lacteum,Asteraceae,Asterales,EXACT,ACCEPTED,Pseudognaphalium_lacteum,86
10849946,Achyranthemum mucronatum,Asteraceae,Asterales,EXACT,ACCEPTED,Achyranthemum_mucronatum,0
3099231,Langebergia canescens,Asteraceae,Asterales,EXACT,ACCEPTED,Langebergia_canescens,0
3149780,Syncarpha vestita,Asteraceae,Asterales,EXACT,ACCEPTED,Syncarpha_vestita,0
5405586,Edmondia sesamoides,Asteraceae,Asterales,EXACT,ACCEPTED,Edmondia_sesamoides,0
3101393,Petalacte coronata,Asteraceae,Asterales,EXACT,ACCEPTED,Petalacte_coronata,0
3130587,Anaxeton arborescens,Asteraceae,Asterales,EXACT,ACCEPTED,Anaxeton_arborescens,0
3115399,Anderbergia vlokii,Asteraceae,Asterales,EXACT,ACCEPTED,Anderbergia_vlokii,0
3089974,Tenrhynea phylicifolia,Asteraceae,Asterales,EXACT,ACCEPTED,Tenrhynea_phylicifolia,0
3149321,Plecostachys serpyllifolia,Asteraceae,Asterales,EXACT,ACCEPTED,Plecostachys_serpyllifolia,3
3140731,Leontopodium jacotianum,Asteraceae,Asterales,EXACT,ACCEPTED,Leontopodium_jacotianum,0
9257138,Libinhania acicularis,Asteraceae,Asterales,EXACT,ACCEPTED,Libinhania_acicularis,0
3115793,Filago pygmaea,Asteraceae,Asterales,EXACT,ACCEPTED,Filago_pygmaea,0
11665063,Logfia gallica,Asteraceae,Asterales,EXACT,ACCEPTED,Logfia_gallica,146
3130050,Psilocarphus brevissimus,Asteraceae,Asterales,EXACT,ACCEPTED,Psilocarphus_brevissimus,17
3098660,Stylocline micropoides,Asteraceae,Asterales,EXACT,ACCEPTED,Stylocline_micropoides,0
5939846,Micropus supinus,Asteraceae,Asterales,EXACT,ACCEPTED,Micropus_supinus,0
3115930,Filago crocidion,Asteraceae,Asterales,EXACT,ACCEPTED,Filago_crocidion,0
3088395,Bombycilaena erecta,Asteraceae,Asterales,EXACT,ACCEPTED,Bombycilaena_erecta,0
3115755,Filago pyramidata,Asteraceae,Asterales,EXACT,ACCEPTED,Filago_pyramidata,0
3104537,Omalotheca supina,Asteraceae,Asterales,EXACT,ACCEPTED,Omalotheca_supina,0
3118106,Castroviejoa frigida,Asteraceae,Asterales,EXACT,ACCEPTED,Castroviejoa_frigida,0
5405837,Chevreulia lycopodioides,Asteraceae,Asterales,EXACT,ACCEPTED,Chevreulia_lycopodioides,0
3144481,Cuatrecasasiella isernii,Asteraceae,Asterales,EXACT,ACCEPTED,Cuatrecasasiella_isernii,47
3144484,Cuatrecasasiella argentina,Asteraceae,Asterales,EXACT,ACCEPTED,Cuatrecasasiella_argentina,26
7847414,Antennaria carpatica,Asteraceae,Asterales,EXACT,ACCEPTED,Antennaria_carpatica,0
5385604,Antennaria dioica,Asteraceae,Asterales,EXACT,ACCEPTED,Antennaria_dioica,0
11726083,Andicolea thuyoides,Asteraceae,Asterales,EXACT,ACCEPTED,Andicolea_thuyoides,300
9554869,Mniodes radians,Asteraceae,Asterales,EXACT,ACCEPTED,Mniodes_radians,31
9349756,Mniodes schultzii,Asteraceae,Asterales,EXACT,ACCEPTED,Mniodes_schultzii,57
9535140,Mniodes subspicata,Asteraceae,Asterales,EXACT,ACCEPTED,Mniodes_subspicata,107
9290640,Mniodes santanica,Asteraceae,Asterales,EXACT,ACCEPTED,Mniodes_santanica,17
3103867,Gnaphaliothamnus lavandulifolius,Asteraceae,Asterales,EXACT,ACCEPTED,Gnaphaliothamnus_lavandulifolius,0
10696381,Chryselium gnaphalioides,Asteraceae,Asterales,EXACT,ACCEPTED,Chryselium_gnaphalioides,261
11855996,Andicolea ilinissae,Asteraceae,Asterales,EXACT,ACCEPTED,Andicolea_ilinissae,161
11143002,Quasiantennaria linearifolia,Asteraceae,Asterales,EXACT,ACCEPTED,Quasiantennaria_linearifolia,96
3086555,Diaperia prolifera,Asteraceae,Asterales,EXACT,ACCEPTED,Diaperia_prolifera,0
3093457,Belloa chilensis,Asteraceae,Asterales,EXACT,ACCEPTED,Belloa_chilensis,46
3117068,Gamochaeta capitata,Asteraceae,Asterales,EXACT,ACCEPTED,Gamochaeta_capitata,90
9530008,Gamochaeta alpina,Asteraceae,Asterales,EXACT,ACCEPTED,Gamochaeta_alpina,13
3139643,Gamochaeta lulioana,Asteraceae,Asterales,EXACT,ACCEPTED,Gamochaeta_lulioana,4
3139638,Gamochaeta longipedicellata,Asteraceae,Asterales,EXACT,ACCEPTED,Gamochaeta_longipedicellata,11
5403878,Micropsis dasycarpa,Asteraceae,Asterales,EXACT,ACCEPTED,Micropsis_dasycarpa,0
9322293,Mniodes kunthiana,Asteraceae,Asterales,EXACT,ACCEPTED,Mniodes_kunthiana,209
5385167,Lucilia nitens,Asteraceae,Asterales,EXACT,ACCEPTED,Lucilia_nitens,0
3110303,Facelis plumosa,Asteraceae,Asterales,EXACT,ACCEPTED,Facelis_plumosa,41
5386990,Lucilia linearifolia,Asteraceae,Asterales,EXACT,ACCEPTED,Lucilia_linearifolia,13
3087143,Berroa gnaphalioides,Asteraceae,Asterales,EXACT,ACCEPTED,Berroa_gnaphalioides,28
5394820,Basedowia tenerrima,Asteraceae,Asterales,EXACT,ACCEPTED,Basedowia_tenerrima,0
3125765,Stuartina muelleri,Asteraceae,Asterales,EXACT,ACCEPTED,Stuartina_muelleri,0
7951429,Euchiton involucratus,Asteraceae,Asterales,EXACT,ACCEPTED,Euchiton_involucratus,0
3104421,Leucogenes grandiceps,Asteraceae,Asterales,EXACT,ACCEPTED,Leucogenes_grandiceps,0
5402425,Raoulia hookeri,Asteraceae,Asterales,EXACT,ACCEPTED,Raoulia_hookeri,0
5388797,Calocephalus platycephalus,Asteraceae,Asterales,EXACT,ACCEPTED,Calocephalus_platycephalus,0
4224262,Podotheca angustifolia,Asteraceae,Asterales,EXACT,ACCEPTED,Podotheca_angustifolia,0
7336988,Ixodia achilleoides,Asteraceae,Asterales,EXACT,ACCEPTED,Ixodia_achilleoides,0
3141515,Argentipallium dealbatum,Asteraceae,Asterales,EXACT,ACCEPTED,Argentipallium_dealbatum,0
5389953,Acanthocladium dockeri,Asteraceae,Asterales,EXACT,ACCEPTED,Acanthocladium_dockeri,0
3112450,Cremnothamnus thomsonii,Asteraceae,Asterales,EXACT,ACCEPTED,Cremnothamnus_thomsonii,0
3095947,Argyroglottis turbinata,Asteraceae,Asterales,EXACT,ACCEPTED,Argyroglottis_turbinata,0
5390402,Cassinia aculeata,Asteraceae,Asterales,EXACT,ACCEPTED,Cassinia_aculeata,0
3111878,Ozothamnus leptophyllus,Asteraceae,Asterales,EXACT,ACCEPTED,Ozothamnus_leptophyllus,0
3116888,Haeckeria cassiniiformis,Asteraceae,Asterales,EXACT,ACCEPTED,Haeckeria_cassiniiformis,0
3091338,Calomeria amaranthoides,Asteraceae,Asterales,EXACT,ACCEPTED,Calomeria_amaranthoides,0
3090179,Tietkensia corrickiae,Asteraceae,Asterales,EXACT,ACCEPTED,Tietkensia_corrickiae,0
5385014,Lawrencella rosea,Asteraceae,Asterales,EXACT,ACCEPTED,Lawrencella_rosea,0
3090045,Hyalochlamys globifera,Asteraceae,Asterales,EXACT,ACCEPTED,Hyalochlamys_globifera,0
3141785,Lemooria burkittii,Asteraceae,Asterales,EXACT,ACCEPTED,Lemooria_burkittii,0
3096637,Dielitzia tysonii,Asteraceae,Asterales,EXACT,ACCEPTED,Dielitzia_tysonii,0
3099119,Hullsia argillicola,Asteraceae,Asterales,EXACT,ACCEPTED,Hullsia_argillicola,0
3087151,Dithyrostegia amplexicaulis,Asteraceae,Asterales,EXACT,ACCEPTED,Dithyrostegia_amplexicaulis,0
3100820,Cephalosorus carpesioides,Asteraceae,Asterales,EXACT,ACCEPTED,Cephalosorus_carpesioides,0
3101178,Cephalipterum drummondii,Asteraceae,Asterales,EXACT,ACCEPTED,Cephalipterum_drummondii,0
3100832,Erymophyllum glossanthus,Asteraceae,Asterales,EXACT,ACCEPTED,Erymophyllum_glossanthus,0
3088588,Thiseltonia gracillima,Asteraceae,Asterales,EXACT,ACCEPTED,Thiseltonia_gracillima,0
3130497,Actinobole uliginosum,Asteraceae,Asterales,EXACT,ACCEPTED,Actinobole_uliginosum,0
3110107,Bellida graminea,Asteraceae,Asterales,EXACT,ACCEPTED,Bellida_graminea,0
7336772,Proustia pyrifolia,Asteraceae,Asterales,EXACT,ACCEPTED,Proustia_pyrifolia,299
5388764,Millotia myosotidifolia,Asteraceae,Asterales,EXACT,ACCEPTED,Millotia_myosotidifolia,0
5389328,Quinetia urvillei,Asteraceae,Asterales,EXACT,ACCEPTED,Quinetia_urvillei,0
3101336,Gilberta tenuifolia,Asteraceae,Asterales,EXACT,ACCEPTED,Gilberta_tenuifolia,0
3115085,Quinqueremulus linearis,Asteraceae,Asterales,EXACT,ACCEPTED,Quinqueremulus_linearis,0
3151052,Chthonocephalus pseudevax,Asteraceae,Asterales,EXACT,ACCEPTED,Chthonocephalus_pseudevax,0
3101060,Pseudognaphalium obtusifolium,Asteraceae,Asterales,EXACT,ACCEPTED,Pseudognaphalium_obtusifolium,13
3100666,Siloxerus humifusus,Asteraceae,Asterales,EXACT,ACCEPTED,Siloxerus_humifusus,0
3117286,Gnephosis arachnoidea,Asteraceae,Asterales,EXACT,ACCEPTED,Gnephosis_arachnoidea,3
3142363,Haegiela tatei,Asteraceae,Asterales,EXACT,ACCEPTED,Haegiela_tatei,0
3097463,Pogonolepis stricta,Asteraceae,Asterales,EXACT,ACCEPTED,Pogonolepis_stricta,0
4208737,Siloxerus tomentosus,Asteraceae,Asterales,EXACT,ACCEPTED,Siloxerus_tomentosus,0
3095512,Gilruthia osbornii,Asteraceae,Asterales,EXACT,ACCEPTED,Gilruthia_osbornii,0
3117080,Blennospora drummondii,Asteraceae,Asterales,EXACT,ACCEPTED,Blennospora_drummondii,0
3130659,Trichanthodium skirrophorum,Asteraceae,Asterales,EXACT,ACCEPTED,Trichanthodium_skirrophorum,0
3133446,Ammobium alatum,Asteraceae,Asterales,EXACT,ACCEPTED,Ammobium_alatum,0
3137708,Rhodanthe tietkensii,Asteraceae,Asterales,EXACT,ACCEPTED,Rhodanthe_tietkensii,0
3110885,Polycalymma stuartii,Asteraceae,Asterales,EXACT,ACCEPTED,Polycalymma_stuartii,0
5389187,Craspedia aurantia,Asteraceae,Asterales,EXACT,ACCEPTED,Craspedia_aurantia,0
3150230,Pycnosorus globosus,Asteraceae,Asterales,EXACT,ACCEPTED,Pycnosorus_globosus,0
3146549,Haptotrichion conicum,Asteraceae,Asterales,EXACT,ACCEPTED,Haptotrichion_conicum,0
5401788,Schoenia filifolia,Asteraceae,Asterales,EXACT,ACCEPTED,Schoenia_filifolia,0
5401791,Schoenia cassiniana,Asteraceae,Asterales,EXACT,ACCEPTED,Schoenia_cassiniana,0
3095300,Fitzwillia axilliflora,Asteraceae,Asterales,EXACT,ACCEPTED,Fitzwillia_axilliflora,0
6064122,Podolepis aristata,Asteraceae,Asterales,EXACT,ACCEPTED,Podolepis_aristata,0
3142371,Taplinia saxatilis,Asteraceae,Asterales,EXACT,ACCEPTED,Taplinia_saxatilis,0
3130895,Phacellothrix cladochaeta,Asteraceae,Asterales,EXACT,ACCEPTED,Phacellothrix_cladochaeta,0
3098895,Anemocarpa saxatilis,Asteraceae,Asterales,EXACT,ACCEPTED,Anemocarpa_saxatilis,0
3145264,Leiocarpa semicalva,Asteraceae,Asterales,EXACT,ACCEPTED,Leiocarpa_semicalva,0
3137689,Rhodanthe condensata,Asteraceae,Asterales,EXACT,ACCEPTED,Rhodanthe_condensata,0
3102863,Xerochrysum viscosum,Asteraceae,Asterales,EXACT,ACCEPTED,Xerochrysum_viscosum,0
3102871,Xerochrysum bracteatum,Asteraceae,Asterales,EXACT,ACCEPTED,Xerochrysum_bracteatum,17
5402605,Pterochaeta paniculata,Asteraceae,Asterales,EXACT,ACCEPTED,Pterochaeta_paniculata,0
3117162,Asteridea pulverulenta,Asteraceae,Asterales,EXACT,ACCEPTED,Asteridea_pulverulenta,0
5396208,Waitzia acuminata,Asteraceae,Asterales,EXACT,ACCEPTED,Waitzia_acuminata,0
3137374,Leucochrysum albicans,Asteraceae,Asterales,EXACT,ACCEPTED,Leucochrysum_albicans,0
3145262,Ixiolaena chloroleuca,Asteraceae,Asterales,EXACT,ACCEPTED,Ixiolaena_chloroleuca,0
3145259,Leiocarpa leptolepis,Asteraceae,Asterales,EXACT,ACCEPTED,Leiocarpa_leptolepis,0
3140888,Rutidosis helichrysoides,Asteraceae,Asterales,EXACT,ACCEPTED,Rutidosis_helichrysoides,0
3149425,Acomis macra,Asteraceae,Asterales,EXACT,ACCEPTED,Acomis_macra,0
3151347,Gratwickia monochaeta,Asteraceae,Asterales,EXACT,ACCEPTED,Gratwickia_monochaeta,0
3091024,Triptilodiscus pygmaeus,Asteraceae,Asterales,EXACT,ACCEPTED,Triptilodiscus_pygmaeus,0
3109493,Leptorhynchos squamatus,Asteraceae,Asterales,EXACT,ACCEPTED,Leptorhynchos_squamatus,0
7952924,Jungia revoluta,Asteraceae,Asterales,EXACT,SYNONYM,Pleocarphus_revolutus,115
5391447,Perezia pinnatifida,Asteraceae,Asterales,EXACT,SYNONYM,Perezia_coerulescens,145
3146332,Microliabum candidum,Asteraceae,Asterales,EXACT,SYNONYM,Austroliabum_candidum,94
3138688,Doellia cafra,Asteraceae,Asterales,EXACT,SYNONYM,Blumea_cafra,15
3095499,Bahia ambrosioides,Asteraceae,Asterales,EXACT,SYNONYM,Eriophyllum_ambrosiodes,300
12262613,Perityle tenuifolius,Asteraceae,Asterales,EXACT,SYNONYM,Lycapsus_tenuifolius,3
8110338,Laphamia emoryi,Asteraceae,Asterales,EXACT,SYNONYM,Perityle_emoryi,102
12234152,Conocliniopsis grossedentata,Asteraceae,Asterales,EXACT,SYNONYM,Conocliniopsis_prasiifolia,73
3116911,Lasiocephalus lingulatus,Asteraceae,Asterales,EXACT,SYNONYM,Aetheolaena_lingulata,101
12238218,Rockhausenia villosa,Asteraceae,Asterales,EXACT,SYNONYM,Werneria_villosa,126
12179503,Rockhausenia pumila,Asteraceae,Asterales,EXACT,SYNONYM,Werneria_pumila,221
12246098,Rockhausenia apiculata,Asteraceae,Asterales,EXACT,SYNONYM,Werneria_apiculata,150
12174355,Rockhausenia nubigena,Asteraceae,Asterales,EXACT,SYNONYM,Werneria_nubigena,300
3099022,Chiliotrichum diffusum,Asteraceae,Asterales,EXACT,SYNONYM,Chiliotrichum_rosmarinifolium,223
3131229,Helichrysum luteoalbum,Asteraceae,Asterales,EXACT,SYNONYM,Pseudognaphalium_luteoalbum,108
5402587,Schlechtendalia luzulifolia,Asteraceae,Asterales,EXACT,ACCEPTED,Schlechtendalia_luzulifolia,0
7386707,Doniophyton anomalum,Asteraceae,Asterales,EXACT,ACCEPTED,Doniophyton_anomalum,135
5385698,Duseniella patagonica,Asteraceae,Asterales,EXACT,ACCEPTED,Duseniella_patagonica,12
3109523,Chuquiraga straminea,Asteraceae,Asterales,EXACT,ACCEPTED,Chuquiraga_straminea,46
3109505,Chuquiraga jussieui,Asteraceae,Asterales,EXACT,ACCEPTED,Chuquiraga_jussieui,300
5390900,Huarpea andina,Asteraceae,Asterales,EXACT,ACCEPTED,Huarpea_andina,12
3105310,Barnadesia odorata,Asteraceae,Asterales,EXACT,ACCEPTED,Barnadesia_odorata,206
3142046,Arnaldoa weberbaueri,Asteraceae,Asterales,EXACT,ACCEPTED,Arnaldoa_weberbaueri,17
10693167,Archidasyphyllum diacanthoides,Asteraceae,Asterales,EXACT,ACCEPTED,Archidasyphyllum_diacanthoides,218
10827207,Archidasyphyllum excelsum,Asteraceae,Asterales,EXACT,ACCEPTED,Archidasyphyllum_excelsum,61
3090114,Wunderlichia mirabilis,Asteraceae,Asterales,EXACT,ACCEPTED,Wunderlichia_mirabilis,0
3150315,Hecastocleis shockleyi,Asteraceae,Asterales,EXACT,ACCEPTED,Hecastocleis_shockleyi,0
5386353,Cyclolepis genistoides,Asteraceae,Asterales,EXACT,ACCEPTED,Cyclolepis_genistoides,300
3146167,Richterago radiata,Asteraceae,Asterales,EXACT,ACCEPTED,Richterago_radiata,0
3139491,Cnicothamnus lorentzii,Asteraceae,Asterales,EXACT,ACCEPTED,Cnicothamnus_lorentzii,241
3095046,Anastraphia ilicifolia,Asteraceae,Asterales,EXACT,ACCEPTED,Anastraphia_ilicifolia,0
9598402,Nahuatlea hypoleuca,Asteraceae,Asterales,EXACT,ACCEPTED,Nahuatlea_hypoleuca,0
9266874,Famatinanthus decussatus,Asteraceae,Asterales,EXACT,ACCEPTED,Famatinanthus_decussatus,25
3103591,Hyaloseris salicifolia,Asteraceae,Asterales,EXACT,ACCEPTED,Hyaloseris_salicifolia,132
5404991,Synedrella nodiflora,Asteraceae,Asterales,EXACT,ACCEPTED,Synedrella_nodiflora,300
3110189,Gongylolepis benthamiana,Asteraceae,Asterales,EXACT,ACCEPTED,Gongylolepis_benthamiana,31
3147772,Ianthopappus corymbosus,Asteraceae,Asterales,EXACT,ACCEPTED,Ianthopappus_corymbosus,0
3098857,Salcedoa mirabaliarum,Asteraceae,Asterales,EXACT,ACCEPTED,Salcedoa_mirabaliarum,0
3113886,Leucomeris decora,Asteraceae,Asterales,EXACT,ACCEPTED,Leucomeris_decora,0
3114415,Nouelia insignis,Asteraceae,Asterales,EXACT,ACCEPTED,Nouelia_insignis,0
3095405,Stenopadus kunhardtii,Asteraceae,Asterales,EXACT,ACCEPTED,Stenopadus_kunhardtii,13
3143179,Onoseris acerifolia,Asteraceae,Asterales,EXACT,ACCEPTED,Onoseris_acerifolia,39
3090049,Plazia daphnoides,Asteraceae,Asterales,EXACT,ACCEPTED,Plazia_daphnoides,73
3137358,Aphyllocladus ephedroides,Asteraceae,Asterales,EXACT,ACCEPTED,Aphyllocladus_ephedroides,24
3112187,Gypothamnium pinifolium,Asteraceae,Asterales,EXACT,ACCEPTED,Gypothamnium_pinifolium,300
7978333,Oriastrum stuebelii,Asteraceae,Asterales,EXACT,ACCEPTED,Oriastrum_stuebelii,14
3086890,Macrachaenium gracile,Asteraceae,Asterales,EXACT,ACCEPTED,Macrachaenium_gracile,24
3092977,Adenocaulon chilense,Asteraceae,Asterales,EXACT,ACCEPTED,Adenocaulon_chilense,141
3104736,Eriachaenium magellanicum,Asteraceae,Asterales,EXACT,ACCEPTED,Eriachaenium_magellanicum,2
3105476,Pachylaena atriplicifolia,Asteraceae,Asterales,EXACT,ACCEPTED,Pachylaena_atriplicifolia,89
3097020,Brachyclados megalanthus,Asteraceae,Asterales,EXACT,ACCEPTED,Brachyclados_megalanthus,17
3133460,Perdicium capense,Asteraceae,Asterales,EXACT,ACCEPTED,Perdicium_capense,0
7969761,Gerbera jamesonii,Asteraceae,Asterales,EXACT,ACCEPTED,Gerbera_jamesonii,3
